"","scen","range","pct","area.pct","Pothole"
"1","Base","zero",1,0,"Bunny"
"2","ConTillDrain01","zero",1,0,"Bunny"
"3","ConTillDrain02","zero",1,0,"Bunny"
"4","ConTillDrain03","zero",1,0,"Bunny"
"5","ConTillRetired","zero",1,0,"Bunny"
"6","CoverCrop","zero",1,0,"Bunny"
"7","Drain0","zero",1,0,"Bunny"
"8","Drain01","zero",1,0,"Bunny"
"9","Drain02","zero",1,0,"Bunny"
"10","Drain03","zero",1,0,"Bunny"
"11","Drain0CT","zero",1,0,"Bunny"
"12","Drain0NT","zero",1,0,"Bunny"
"13","Drain1NT","zero",1,0,"Bunny"
"14","Drain1Retired","zero",1,0,"Bunny"
"15","Drain1RetiredAll","zero",1,0,"Bunny"
"16","Drain1RetiredCT","zero",1,0,"Bunny"
"17","Drain1RetiredNT","zero",1,0,"Bunny"
"18","Drain2NT","zero",1,0,"Bunny"
"19","Drain2Retired","zero",1,0,"Bunny"
"20","Drain2RetiredAll","zero",1,0,"Bunny"
"21","Drain2RetiredCT","zero",1,0,"Bunny"
"22","Drain2RetiredNT","zero",1,0,"Bunny"
"23","Drain3NT","zero",1,0,"Bunny"
"24","Drain3Retired","zero",1,0,"Bunny"
"25","Drain3RetiredAll","zero",1,0,"Bunny"
"26","Drain3RetiredCT","zero",1,0,"Bunny"
"27","Drain3RetiredNT","zero",1,0,"Bunny"
"28","NoTillRetired","zero",1,0,"Bunny"
"29","PlantDate01","zero",1,0,"Bunny"
"30","PlantDate02","zero",1,0,"Bunny"
"31","PlantDate03","zero",1,0,"Bunny"
"32","PlantDate04","zero",1,0,"Bunny"
"33","RetiredAll","zero",1,0,"Bunny"
"34","RetiredPothole","zero",1,0,"Bunny"
"35","Base","one",0.96,0.1,"Bunny"
"36","ConTillDrain01","one",1,0.1,"Bunny"
"37","ConTillDrain02","one",0.96,0.1,"Bunny"
"38","ConTillDrain03","one",0.96,0.1,"Bunny"
"39","ConTillRetired","one",1,0.1,"Bunny"
"40","CoverCrop","one",0.88,0.1,"Bunny"
"41","Drain0","one",1,0.1,"Bunny"
"42","Drain01","one",1,0.1,"Bunny"
"43","Drain02","one",1,0.1,"Bunny"
"44","Drain03","one",0.96,0.1,"Bunny"
"45","Drain0CT","one",1,0.1,"Bunny"
"46","Drain0NT","one",1,0.1,"Bunny"
"47","Drain1NT","one",1,0.1,"Bunny"
"48","Drain1Retired","one",1,0.1,"Bunny"
"49","Drain1RetiredAll","one",0.88,0.1,"Bunny"
"50","Drain1RetiredCT","one",1,0.1,"Bunny"
"51","Drain1RetiredNT","one",1,0.1,"Bunny"
"52","Drain2NT","one",0.96,0.1,"Bunny"
"53","Drain2Retired","one",1,0.1,"Bunny"
"54","Drain2RetiredAll","one",0.84,0.1,"Bunny"
"55","Drain2RetiredCT","one",0.96,0.1,"Bunny"
"56","Drain2RetiredNT","one",0.96,0.1,"Bunny"
"57","Drain3NT","one",0.96,0.1,"Bunny"
"58","Drain3Retired","one",0.96,0.1,"Bunny"
"59","Drain3RetiredAll","one",0.64,0.1,"Bunny"
"60","Drain3RetiredCT","one",0.96,0.1,"Bunny"
"61","Drain3RetiredNT","one",0.92,0.1,"Bunny"
"62","NoTillRetired","one",1,0.1,"Bunny"
"63","PlantDate01","one",0.96,0.1,"Bunny"
"64","PlantDate02","one",0.96,0.1,"Bunny"
"65","PlantDate03","one",0.92,0.1,"Bunny"
"66","PlantDate04","one",0.92,0.1,"Bunny"
"67","RetiredAll","one",0.88,0.1,"Bunny"
"68","RetiredPothole","one",1,0.1,"Bunny"
"69","Base","two",0.92,0.2,"Bunny"
"70","ConTillDrain01","two",1,0.2,"Bunny"
"71","ConTillDrain02","two",0.96,0.2,"Bunny"
"72","ConTillDrain03","two",0.92,0.2,"Bunny"
"73","ConTillRetired","two",1,0.2,"Bunny"
"74","CoverCrop","two",0.84,0.2,"Bunny"
"75","Drain0","two",1,0.2,"Bunny"
"76","Drain01","two",1,0.2,"Bunny"
"77","Drain02","two",0.96,0.2,"Bunny"
"78","Drain03","two",0.92,0.2,"Bunny"
"79","Drain0CT","two",1,0.2,"Bunny"
"80","Drain0NT","two",1,0.2,"Bunny"
"81","Drain1NT","two",1,0.2,"Bunny"
"82","Drain1Retired","two",1,0.2,"Bunny"
"83","Drain1RetiredAll","two",0.84,0.2,"Bunny"
"84","Drain1RetiredCT","two",0.96,0.2,"Bunny"
"85","Drain1RetiredNT","two",0.96,0.2,"Bunny"
"86","Drain2NT","two",0.96,0.2,"Bunny"
"87","Drain2Retired","two",0.96,0.2,"Bunny"
"88","Drain2RetiredAll","two",0.76,0.2,"Bunny"
"89","Drain2RetiredCT","two",0.96,0.2,"Bunny"
"90","Drain2RetiredNT","two",0.96,0.2,"Bunny"
"91","Drain3NT","two",0.88,0.2,"Bunny"
"92","Drain3Retired","two",0.88,0.2,"Bunny"
"93","Drain3RetiredAll","two",0.56,0.2,"Bunny"
"94","Drain3RetiredCT","two",0.92,0.2,"Bunny"
"95","Drain3RetiredNT","two",0.84,0.2,"Bunny"
"96","NoTillRetired","two",1,0.2,"Bunny"
"97","PlantDate01","two",0.92,0.2,"Bunny"
"98","PlantDate02","two",0.88,0.2,"Bunny"
"99","PlantDate03","two",0.88,0.2,"Bunny"
"100","PlantDate04","two",0.88,0.2,"Bunny"
"101","RetiredAll","two",0.88,0.2,"Bunny"
"102","RetiredPothole","two",1,0.2,"Bunny"
"103","Base","three",0.88,0.3,"Bunny"
"104","ConTillDrain01","three",0.92,0.3,"Bunny"
"105","ConTillDrain02","three",0.84,0.3,"Bunny"
"106","ConTillDrain03","three",0.84,0.3,"Bunny"
"107","ConTillRetired","three",0.96,0.3,"Bunny"
"108","CoverCrop","three",0.76,0.3,"Bunny"
"109","Drain0","three",1,0.3,"Bunny"
"110","Drain01","three",0.92,0.3,"Bunny"
"111","Drain02","three",0.92,0.3,"Bunny"
"112","Drain03","three",0.88,0.3,"Bunny"
"113","Drain0CT","three",0.96,0.3,"Bunny"
"114","Drain0NT","three",0.96,0.3,"Bunny"
"115","Drain1NT","three",0.92,0.3,"Bunny"
"116","Drain1Retired","three",0.92,0.3,"Bunny"
"117","Drain1RetiredAll","three",0.6,0.3,"Bunny"
"118","Drain1RetiredCT","three",0.92,0.3,"Bunny"
"119","Drain1RetiredNT","three",0.88,0.3,"Bunny"
"120","Drain2NT","three",0.8,0.3,"Bunny"
"121","Drain2Retired","three",0.88,0.3,"Bunny"
"122","Drain2RetiredAll","three",0.52,0.3,"Bunny"
"123","Drain2RetiredCT","three",0.88,0.3,"Bunny"
"124","Drain2RetiredNT","three",0.8,0.3,"Bunny"
"125","Drain3NT","three",0.72,0.3,"Bunny"
"126","Drain3Retired","three",0.88,0.3,"Bunny"
"127","Drain3RetiredAll","three",0.44,0.3,"Bunny"
"128","Drain3RetiredCT","three",0.84,0.3,"Bunny"
"129","Drain3RetiredNT","three",0.72,0.3,"Bunny"
"130","NoTillRetired","three",0.96,0.3,"Bunny"
"131","PlantDate01","three",0.88,0.3,"Bunny"
"132","PlantDate02","three",0.84,0.3,"Bunny"
"133","PlantDate03","three",0.84,0.3,"Bunny"
"134","PlantDate04","three",0.84,0.3,"Bunny"
"135","RetiredAll","three",0.76,0.3,"Bunny"
"136","RetiredPothole","three",1,0.3,"Bunny"
"137","Base","four",0.76,0.4,"Bunny"
"138","ConTillDrain01","four",0.84,0.4,"Bunny"
"139","ConTillDrain02","four",0.72,0.4,"Bunny"
"140","ConTillDrain03","four",0.64,0.4,"Bunny"
"141","ConTillRetired","four",0.88,0.4,"Bunny"
"142","CoverCrop","four",0.68,0.4,"Bunny"
"143","Drain0","four",0.92,0.4,"Bunny"
"144","Drain01","four",0.84,0.4,"Bunny"
"145","Drain02","four",0.8,0.4,"Bunny"
"146","Drain03","four",0.76,0.4,"Bunny"
"147","Drain0CT","four",0.92,0.4,"Bunny"
"148","Drain0NT","four",0.84,0.4,"Bunny"
"149","Drain1NT","four",0.72,0.4,"Bunny"
"150","Drain1Retired","four",0.84,0.4,"Bunny"
"151","Drain1RetiredAll","four",0.44,0.4,"Bunny"
"152","Drain1RetiredCT","four",0.84,0.4,"Bunny"
"153","Drain1RetiredNT","four",0.72,0.4,"Bunny"
"154","Drain2NT","four",0.68,0.4,"Bunny"
"155","Drain2Retired","four",0.8,0.4,"Bunny"
"156","Drain2RetiredAll","four",0.4,0.4,"Bunny"
"157","Drain2RetiredCT","four",0.68,0.4,"Bunny"
"158","Drain2RetiredNT","four",0.72,0.4,"Bunny"
"159","Drain3NT","four",0.56,0.4,"Bunny"
"160","Drain3Retired","four",0.76,0.4,"Bunny"
"161","Drain3RetiredAll","four",0.28,0.4,"Bunny"
"162","Drain3RetiredCT","four",0.68,0.4,"Bunny"
"163","Drain3RetiredNT","four",0.56,0.4,"Bunny"
"164","NoTillRetired","four",0.84,0.4,"Bunny"
"165","PlantDate01","four",0.8,0.4,"Bunny"
"166","PlantDate02","four",0.72,0.4,"Bunny"
"167","PlantDate03","four",0.8,0.4,"Bunny"
"168","PlantDate04","four",0.76,0.4,"Bunny"
"169","RetiredAll","four",0.52,0.4,"Bunny"
"170","RetiredPothole","four",0.88,0.4,"Bunny"
"171","Base","five",0.52,0.5,"Bunny"
"172","ConTillDrain01","five",0.64,0.5,"Bunny"
"173","ConTillDrain02","five",0.64,0.5,"Bunny"
"174","ConTillDrain03","five",0.52,0.5,"Bunny"
"175","ConTillRetired","five",0.68,0.5,"Bunny"
"176","CoverCrop","five",0.44,0.5,"Bunny"
"177","Drain0","five",0.8,0.5,"Bunny"
"178","Drain01","five",0.72,0.5,"Bunny"
"179","Drain02","five",0.72,0.5,"Bunny"
"180","Drain03","five",0.52,0.5,"Bunny"
"181","Drain0CT","five",0.68,0.5,"Bunny"
"182","Drain0NT","five",0.64,0.5,"Bunny"
"183","Drain1NT","five",0.56,0.5,"Bunny"
"184","Drain1Retired","five",0.72,0.5,"Bunny"
"185","Drain1RetiredAll","five",0.24,0.5,"Bunny"
"186","Drain1RetiredCT","five",0.64,0.5,"Bunny"
"187","Drain1RetiredNT","five",0.56,0.5,"Bunny"
"188","Drain2NT","five",0.52,0.5,"Bunny"
"189","Drain2Retired","five",0.6,0.5,"Bunny"
"190","Drain2RetiredAll","five",0.24,0.5,"Bunny"
"191","Drain2RetiredCT","five",0.56,0.5,"Bunny"
"192","Drain2RetiredNT","five",0.52,0.5,"Bunny"
"193","Drain3NT","five",0.48,0.5,"Bunny"
"194","Drain3Retired","five",0.52,0.5,"Bunny"
"195","Drain3RetiredAll","five",0.24,0.5,"Bunny"
"196","Drain3RetiredCT","five",0.48,0.5,"Bunny"
"197","Drain3RetiredNT","five",0.48,0.5,"Bunny"
"198","NoTillRetired","five",0.56,0.5,"Bunny"
"199","PlantDate01","five",0.56,0.5,"Bunny"
"200","PlantDate02","five",0.56,0.5,"Bunny"
"201","PlantDate03","five",0.56,0.5,"Bunny"
"202","PlantDate04","five",0.56,0.5,"Bunny"
"203","RetiredAll","five",0.44,0.5,"Bunny"
"204","RetiredPothole","five",0.8,0.5,"Bunny"
"205","Base","six",0.4,0.6,"Bunny"
"206","ConTillDrain01","six",0.48,0.6,"Bunny"
"207","ConTillDrain02","six",0.4,0.6,"Bunny"
"208","ConTillDrain03","six",0.36,0.6,"Bunny"
"209","ConTillRetired","six",0.48,0.6,"Bunny"
"210","CoverCrop","six",0.32,0.6,"Bunny"
"211","Drain0","six",0.56,0.6,"Bunny"
"212","Drain01","six",0.48,0.6,"Bunny"
"213","Drain02","six",0.48,0.6,"Bunny"
"214","Drain03","six",0.4,0.6,"Bunny"
"215","Drain0CT","six",0.52,0.6,"Bunny"
"216","Drain0NT","six",0.52,0.6,"Bunny"
"217","Drain1NT","six",0.44,0.6,"Bunny"
"218","Drain1Retired","six",0.48,0.6,"Bunny"
"219","Drain1RetiredAll","six",0.24,0.6,"Bunny"
"220","Drain1RetiredCT","six",0.48,0.6,"Bunny"
"221","Drain1RetiredNT","six",0.4,0.6,"Bunny"
"222","Drain2NT","six",0.36,0.6,"Bunny"
"223","Drain2Retired","six",0.44,0.6,"Bunny"
"224","Drain2RetiredAll","six",0.24,0.6,"Bunny"
"225","Drain2RetiredCT","six",0.36,0.6,"Bunny"
"226","Drain2RetiredNT","six",0.32,0.6,"Bunny"
"227","Drain3NT","six",0.32,0.6,"Bunny"
"228","Drain3Retired","six",0.4,0.6,"Bunny"
"229","Drain3RetiredAll","six",0.2,0.6,"Bunny"
"230","Drain3RetiredCT","six",0.36,0.6,"Bunny"
"231","Drain3RetiredNT","six",0.32,0.6,"Bunny"
"232","NoTillRetired","six",0.52,0.6,"Bunny"
"233","PlantDate01","six",0.4,0.6,"Bunny"
"234","PlantDate02","six",0.4,0.6,"Bunny"
"235","PlantDate03","six",0.36,0.6,"Bunny"
"236","PlantDate04","six",0.32,0.6,"Bunny"
"237","RetiredAll","six",0.24,0.6,"Bunny"
"238","RetiredPothole","six",0.52,0.6,"Bunny"
"239","Base","seven",0.2,0.7,"Bunny"
"240","ConTillDrain01","seven",0.36,0.7,"Bunny"
"241","ConTillDrain02","seven",0.24,0.7,"Bunny"
"242","ConTillDrain03","seven",0.2,0.7,"Bunny"
"243","ConTillRetired","seven",0.4,0.7,"Bunny"
"244","CoverCrop","seven",0.2,0.7,"Bunny"
"245","Drain0","seven",0.44,0.7,"Bunny"
"246","Drain01","seven",0.44,0.7,"Bunny"
"247","Drain02","seven",0.28,0.7,"Bunny"
"248","Drain03","seven",0.2,0.7,"Bunny"
"249","Drain0CT","seven",0.4,0.7,"Bunny"
"250","Drain0NT","seven",0.36,0.7,"Bunny"
"251","Drain1NT","seven",0.32,0.7,"Bunny"
"252","Drain1Retired","seven",0.32,0.7,"Bunny"
"253","Drain1RetiredAll","seven",0.16,0.7,"Bunny"
"254","Drain1RetiredCT","seven",0.32,0.7,"Bunny"
"255","Drain1RetiredNT","seven",0.32,0.7,"Bunny"
"256","Drain2NT","seven",0.32,0.7,"Bunny"
"257","Drain2Retired","seven",0.28,0.7,"Bunny"
"258","Drain2RetiredAll","seven",0.16,0.7,"Bunny"
"259","Drain2RetiredCT","seven",0.24,0.7,"Bunny"
"260","Drain2RetiredNT","seven",0.28,0.7,"Bunny"
"261","Drain3NT","seven",0.24,0.7,"Bunny"
"262","Drain3Retired","seven",0.2,0.7,"Bunny"
"263","Drain3RetiredAll","seven",0.16,0.7,"Bunny"
"264","Drain3RetiredCT","seven",0.2,0.7,"Bunny"
"265","Drain3RetiredNT","seven",0.24,0.7,"Bunny"
"266","NoTillRetired","seven",0.36,0.7,"Bunny"
"267","PlantDate01","seven",0.24,0.7,"Bunny"
"268","PlantDate02","seven",0.24,0.7,"Bunny"
"269","PlantDate03","seven",0.24,0.7,"Bunny"
"270","PlantDate04","seven",0.24,0.7,"Bunny"
"271","RetiredAll","seven",0.24,0.7,"Bunny"
"272","RetiredPothole","seven",0.44,0.7,"Bunny"
"273","Base","eight",0.16,0.8,"Bunny"
"274","ConTillDrain01","eight",0.24,0.8,"Bunny"
"275","ConTillDrain02","eight",0.2,0.8,"Bunny"
"276","ConTillDrain03","eight",0.16,0.8,"Bunny"
"277","ConTillRetired","eight",0.36,0.8,"Bunny"
"278","CoverCrop","eight",0.16,0.8,"Bunny"
"279","Drain0","eight",0.32,0.8,"Bunny"
"280","Drain01","eight",0.24,0.8,"Bunny"
"281","Drain02","eight",0.16,0.8,"Bunny"
"282","Drain03","eight",0.16,0.8,"Bunny"
"283","Drain0CT","eight",0.36,0.8,"Bunny"
"284","Drain0NT","eight",0.28,0.8,"Bunny"
"285","Drain1NT","eight",0.24,0.8,"Bunny"
"286","Drain1Retired","eight",0.24,0.8,"Bunny"
"287","Drain1RetiredAll","eight",0.12,0.8,"Bunny"
"288","Drain1RetiredCT","eight",0.2,0.8,"Bunny"
"289","Drain1RetiredNT","eight",0.24,0.8,"Bunny"
"290","Drain2NT","eight",0.2,0.8,"Bunny"
"291","Drain2Retired","eight",0.2,0.8,"Bunny"
"292","Drain2RetiredAll","eight",0.08,0.8,"Bunny"
"293","Drain2RetiredCT","eight",0.2,0.8,"Bunny"
"294","Drain2RetiredNT","eight",0.2,0.8,"Bunny"
"295","Drain3NT","eight",0.2,0.8,"Bunny"
"296","Drain3Retired","eight",0.16,0.8,"Bunny"
"297","Drain3RetiredAll","eight",0.08,0.8,"Bunny"
"298","Drain3RetiredCT","eight",0.16,0.8,"Bunny"
"299","Drain3RetiredNT","eight",0.2,0.8,"Bunny"
"300","NoTillRetired","eight",0.28,0.8,"Bunny"
"301","PlantDate01","eight",0.16,0.8,"Bunny"
"302","PlantDate02","eight",0.16,0.8,"Bunny"
"303","PlantDate03","eight",0.16,0.8,"Bunny"
"304","PlantDate04","eight",0.16,0.8,"Bunny"
"305","RetiredAll","eight",0.16,0.8,"Bunny"
"306","RetiredPothole","eight",0.32,0.8,"Bunny"
"307","Base","nine",0.12,0.9,"Bunny"
"308","ConTillDrain01","nine",0.16,0.9,"Bunny"
"309","ConTillDrain02","nine",0.16,0.9,"Bunny"
"310","ConTillDrain03","nine",0.16,0.9,"Bunny"
"311","ConTillRetired","nine",0.2,0.9,"Bunny"
"312","CoverCrop","nine",0.12,0.9,"Bunny"
"313","Drain0","nine",0.24,0.9,"Bunny"
"314","Drain01","nine",0.16,0.9,"Bunny"
"315","Drain02","nine",0.16,0.9,"Bunny"
"316","Drain03","nine",0.12,0.9,"Bunny"
"317","Drain0CT","nine",0.2,0.9,"Bunny"
"318","Drain0NT","nine",0.2,0.9,"Bunny"
"319","Drain1NT","nine",0.16,0.9,"Bunny"
"320","Drain1Retired","nine",0.16,0.9,"Bunny"
"321","Drain1RetiredAll","nine",0.04,0.9,"Bunny"
"322","Drain1RetiredCT","nine",0.16,0.9,"Bunny"
"323","Drain1RetiredNT","nine",0.12,0.9,"Bunny"
"324","Drain2NT","nine",0.12,0.9,"Bunny"
"325","Drain2Retired","nine",0.16,0.9,"Bunny"
"326","Drain2RetiredAll","nine",0.04,0.9,"Bunny"
"327","Drain2RetiredCT","nine",0.16,0.9,"Bunny"
"328","Drain2RetiredNT","nine",0.12,0.9,"Bunny"
"329","Drain3NT","nine",0.12,0.9,"Bunny"
"330","Drain3Retired","nine",0.12,0.9,"Bunny"
"331","Drain3RetiredAll","nine",0.04,0.9,"Bunny"
"332","Drain3RetiredCT","nine",0.16,0.9,"Bunny"
"333","Drain3RetiredNT","nine",0.12,0.9,"Bunny"
"334","NoTillRetired","nine",0.2,0.9,"Bunny"
"335","PlantDate01","nine",0.12,0.9,"Bunny"
"336","PlantDate02","nine",0.16,0.9,"Bunny"
"337","PlantDate03","nine",0.16,0.9,"Bunny"
"338","PlantDate04","nine",0.16,0.9,"Bunny"
"339","RetiredAll","nine",0.08,0.9,"Bunny"
"340","RetiredPothole","nine",0.2,0.9,"Bunny"
"341","Base","ten",0.12,1,"Bunny"
"342","ConTillDrain01","ten",0.12,1,"Bunny"
"343","ConTillDrain02","ten",0.12,1,"Bunny"
"344","ConTillDrain03","ten",0.08,1,"Bunny"
"345","ConTillRetired","ten",0.16,1,"Bunny"
"346","CoverCrop","ten",0.08,1,"Bunny"
"347","Drain0","ten",0.2,1,"Bunny"
"348","Drain01","ten",0.12,1,"Bunny"
"349","Drain02","ten",0.12,1,"Bunny"
"350","Drain03","ten",0.12,1,"Bunny"
"351","Drain0CT","ten",0.16,1,"Bunny"
"352","Drain0NT","ten",0.12,1,"Bunny"
"353","Drain1NT","ten",0.08,1,"Bunny"
"354","Drain1Retired","ten",0.12,1,"Bunny"
"355","Drain1RetiredAll","ten",0.04,1,"Bunny"
"356","Drain1RetiredCT","ten",0.12,1,"Bunny"
"357","Drain1RetiredNT","ten",0.08,1,"Bunny"
"358","Drain2NT","ten",0.08,1,"Bunny"
"359","Drain2Retired","ten",0.12,1,"Bunny"
"360","Drain2RetiredAll","ten",0.04,1,"Bunny"
"361","Drain2RetiredCT","ten",0.08,1,"Bunny"
"362","Drain2RetiredNT","ten",0.08,1,"Bunny"
"363","Drain3NT","ten",0.08,1,"Bunny"
"364","Drain3Retired","ten",0.12,1,"Bunny"
"365","Drain3RetiredAll","ten",0.04,1,"Bunny"
"366","Drain3RetiredCT","ten",0.08,1,"Bunny"
"367","Drain3RetiredNT","ten",0.04,1,"Bunny"
"368","NoTillRetired","ten",0.12,1,"Bunny"
"369","PlantDate01","ten",0.12,1,"Bunny"
"370","PlantDate02","ten",0.12,1,"Bunny"
"371","PlantDate03","ten",0.12,1,"Bunny"
"372","PlantDate04","ten",0.12,1,"Bunny"
"373","RetiredAll","ten",0.04,1,"Bunny"
"374","RetiredPothole","ten",0.2,1,"Bunny"
"375","Base","zero",1,0,"Walnut"
"376","ConTillDrain01","zero",1,0,"Walnut"
"377","ConTillDrain02","zero",1,0,"Walnut"
"378","ConTillDrain03","zero",1,0,"Walnut"
"379","ConTillRetired","zero",1,0,"Walnut"
"380","CoverCrop","zero",1,0,"Walnut"
"381","Drain0","zero",1,0,"Walnut"
"382","Drain01","zero",1,0,"Walnut"
"383","Drain02","zero",1,0,"Walnut"
"384","Drain03","zero",1,0,"Walnut"
"385","Drain0CT","zero",1,0,"Walnut"
"386","Drain0NT","zero",1,0,"Walnut"
"387","Drain1NT","zero",1,0,"Walnut"
"388","Drain1Retired","zero",1,0,"Walnut"
"389","Drain1RetiredAll","zero",1,0,"Walnut"
"390","Drain1RetiredCT","zero",1,0,"Walnut"
"391","Drain1RetiredNT","zero",1,0,"Walnut"
"392","Drain2NT","zero",1,0,"Walnut"
"393","Drain2Retired","zero",1,0,"Walnut"
"394","Drain2RetiredAll","zero",1,0,"Walnut"
"395","Drain2RetiredCT","zero",1,0,"Walnut"
"396","Drain2RetiredNT","zero",1,0,"Walnut"
"397","Drain3NT","zero",1,0,"Walnut"
"398","Drain3Retired","zero",1,0,"Walnut"
"399","Drain3RetiredAll","zero",1,0,"Walnut"
"400","Drain3RetiredCT","zero",1,0,"Walnut"
"401","Drain3RetiredNT","zero",1,0,"Walnut"
"402","NoTillRetired","zero",1,0,"Walnut"
"403","PlantDate01","zero",1,0,"Walnut"
"404","PlantDate02","zero",1,0,"Walnut"
"405","PlantDate03","zero",1,0,"Walnut"
"406","PlantDate04","zero",1,0,"Walnut"
"407","RetiredAll","zero",1,0,"Walnut"
"408","RetiredPothole","zero",1,0,"Walnut"
"409","Base","one",1,0.1,"Walnut"
"410","ConTillDrain01","one",1,0.1,"Walnut"
"411","ConTillDrain02","one",1,0.1,"Walnut"
"412","ConTillDrain03","one",0.96,0.1,"Walnut"
"413","ConTillRetired","one",1,0.1,"Walnut"
"414","CoverCrop","one",0.96,0.1,"Walnut"
"415","Drain0","one",1,0.1,"Walnut"
"416","Drain01","one",1,0.1,"Walnut"
"417","Drain02","one",1,0.1,"Walnut"
"418","Drain03","one",0.96,0.1,"Walnut"
"419","Drain0CT","one",1,0.1,"Walnut"
"420","Drain0NT","one",1,0.1,"Walnut"
"421","Drain1NT","one",1,0.1,"Walnut"
"422","Drain1Retired","one",1,0.1,"Walnut"
"423","Drain1RetiredAll","one",0.88,0.1,"Walnut"
"424","Drain1RetiredCT","one",1,0.1,"Walnut"
"425","Drain1RetiredNT","one",0.96,0.1,"Walnut"
"426","Drain2NT","one",1,0.1,"Walnut"
"427","Drain2Retired","one",1,0.1,"Walnut"
"428","Drain2RetiredAll","one",0.8,0.1,"Walnut"
"429","Drain2RetiredCT","one",0.96,0.1,"Walnut"
"430","Drain2RetiredNT","one",0.96,0.1,"Walnut"
"431","Drain3NT","one",0.96,0.1,"Walnut"
"432","Drain3Retired","one",0.96,0.1,"Walnut"
"433","Drain3RetiredAll","one",0.8,0.1,"Walnut"
"434","Drain3RetiredCT","one",0.96,0.1,"Walnut"
"435","Drain3RetiredNT","one",0.92,0.1,"Walnut"
"436","NoTillRetired","one",1,0.1,"Walnut"
"437","PlantDate01","one",1,0.1,"Walnut"
"438","PlantDate02","one",1,0.1,"Walnut"
"439","PlantDate03","one",1,0.1,"Walnut"
"440","PlantDate04","one",1,0.1,"Walnut"
"441","RetiredAll","one",0.92,0.1,"Walnut"
"442","RetiredPothole","one",1,0.1,"Walnut"
"443","Base","two",0.96,0.2,"Walnut"
"444","ConTillDrain01","two",1,0.2,"Walnut"
"445","ConTillDrain02","two",0.96,0.2,"Walnut"
"446","ConTillDrain03","two",0.92,0.2,"Walnut"
"447","ConTillRetired","two",1,0.2,"Walnut"
"448","CoverCrop","two",0.96,0.2,"Walnut"
"449","Drain0","two",1,0.2,"Walnut"
"450","Drain01","two",1,0.2,"Walnut"
"451","Drain02","two",0.96,0.2,"Walnut"
"452","Drain03","two",0.92,0.2,"Walnut"
"453","Drain0CT","two",1,0.2,"Walnut"
"454","Drain0NT","two",1,0.2,"Walnut"
"455","Drain1NT","two",1,0.2,"Walnut"
"456","Drain1Retired","two",1,0.2,"Walnut"
"457","Drain1RetiredAll","two",0.8,0.2,"Walnut"
"458","Drain1RetiredCT","two",0.96,0.2,"Walnut"
"459","Drain1RetiredNT","two",0.96,0.2,"Walnut"
"460","Drain2NT","two",0.96,0.2,"Walnut"
"461","Drain2Retired","two",0.96,0.2,"Walnut"
"462","Drain2RetiredAll","two",0.8,0.2,"Walnut"
"463","Drain2RetiredCT","two",0.96,0.2,"Walnut"
"464","Drain2RetiredNT","two",0.92,0.2,"Walnut"
"465","Drain3NT","two",0.96,0.2,"Walnut"
"466","Drain3Retired","two",0.88,0.2,"Walnut"
"467","Drain3RetiredAll","two",0.68,0.2,"Walnut"
"468","Drain3RetiredCT","two",0.92,0.2,"Walnut"
"469","Drain3RetiredNT","two",0.92,0.2,"Walnut"
"470","NoTillRetired","two",0.96,0.2,"Walnut"
"471","PlantDate01","two",0.96,0.2,"Walnut"
"472","PlantDate02","two",0.96,0.2,"Walnut"
"473","PlantDate03","two",0.96,0.2,"Walnut"
"474","PlantDate04","two",0.96,0.2,"Walnut"
"475","RetiredAll","two",0.88,0.2,"Walnut"
"476","RetiredPothole","two",1,0.2,"Walnut"
"477","Base","three",0.92,0.3,"Walnut"
"478","ConTillDrain01","three",0.88,0.3,"Walnut"
"479","ConTillDrain02","three",0.84,0.3,"Walnut"
"480","ConTillDrain03","three",0.84,0.3,"Walnut"
"481","ConTillRetired","three",0.92,0.3,"Walnut"
"482","CoverCrop","three",0.8,0.3,"Walnut"
"483","Drain0","three",0.96,0.3,"Walnut"
"484","Drain01","three",0.92,0.3,"Walnut"
"485","Drain02","three",0.92,0.3,"Walnut"
"486","Drain03","three",0.8,0.3,"Walnut"
"487","Drain0CT","three",0.92,0.3,"Walnut"
"488","Drain0NT","three",0.96,0.3,"Walnut"
"489","Drain1NT","three",0.92,0.3,"Walnut"
"490","Drain1Retired","three",0.88,0.3,"Walnut"
"491","Drain1RetiredAll","three",0.6,0.3,"Walnut"
"492","Drain1RetiredCT","three",0.88,0.3,"Walnut"
"493","Drain1RetiredNT","three",0.84,0.3,"Walnut"
"494","Drain2NT","three",0.8,0.3,"Walnut"
"495","Drain2Retired","three",0.88,0.3,"Walnut"
"496","Drain2RetiredAll","three",0.6,0.3,"Walnut"
"497","Drain2RetiredCT","three",0.84,0.3,"Walnut"
"498","Drain2RetiredNT","three",0.76,0.3,"Walnut"
"499","Drain3NT","three",0.72,0.3,"Walnut"
"500","Drain3Retired","three",0.84,0.3,"Walnut"
"501","Drain3RetiredAll","three",0.48,0.3,"Walnut"
"502","Drain3RetiredCT","three",0.76,0.3,"Walnut"
"503","Drain3RetiredNT","three",0.68,0.3,"Walnut"
"504","NoTillRetired","three",0.92,0.3,"Walnut"
"505","PlantDate01","three",0.92,0.3,"Walnut"
"506","PlantDate02","three",0.88,0.3,"Walnut"
"507","PlantDate03","three",0.84,0.3,"Walnut"
"508","PlantDate04","three",0.84,0.3,"Walnut"
"509","RetiredAll","three",0.76,0.3,"Walnut"
"510","RetiredPothole","three",0.92,0.3,"Walnut"
"511","Base","four",0.72,0.4,"Walnut"
"512","ConTillDrain01","four",0.72,0.4,"Walnut"
"513","ConTillDrain02","four",0.72,0.4,"Walnut"
"514","ConTillDrain03","four",0.64,0.4,"Walnut"
"515","ConTillRetired","four",0.72,0.4,"Walnut"
"516","CoverCrop","four",0.72,0.4,"Walnut"
"517","Drain0","four",0.8,0.4,"Walnut"
"518","Drain01","four",0.8,0.4,"Walnut"
"519","Drain02","four",0.72,0.4,"Walnut"
"520","Drain03","four",0.72,0.4,"Walnut"
"521","Drain0CT","four",0.84,0.4,"Walnut"
"522","Drain0NT","four",0.76,0.4,"Walnut"
"523","Drain1NT","four",0.68,0.4,"Walnut"
"524","Drain1Retired","four",0.76,0.4,"Walnut"
"525","Drain1RetiredAll","four",0.4,0.4,"Walnut"
"526","Drain1RetiredCT","four",0.68,0.4,"Walnut"
"527","Drain1RetiredNT","four",0.6,0.4,"Walnut"
"528","Drain2NT","four",0.6,0.4,"Walnut"
"529","Drain2Retired","four",0.72,0.4,"Walnut"
"530","Drain2RetiredAll","four",0.36,0.4,"Walnut"
"531","Drain2RetiredCT","four",0.68,0.4,"Walnut"
"532","Drain2RetiredNT","four",0.56,0.4,"Walnut"
"533","Drain3NT","four",0.56,0.4,"Walnut"
"534","Drain3Retired","four",0.6,0.4,"Walnut"
"535","Drain3RetiredAll","four",0.28,0.4,"Walnut"
"536","Drain3RetiredCT","four",0.6,0.4,"Walnut"
"537","Drain3RetiredNT","four",0.52,0.4,"Walnut"
"538","NoTillRetired","four",0.68,0.4,"Walnut"
"539","PlantDate01","four",0.8,0.4,"Walnut"
"540","PlantDate02","four",0.72,0.4,"Walnut"
"541","PlantDate03","four",0.76,0.4,"Walnut"
"542","PlantDate04","four",0.76,0.4,"Walnut"
"543","RetiredAll","four",0.48,0.4,"Walnut"
"544","RetiredPothole","four",0.8,0.4,"Walnut"
"545","Base","five",0.56,0.5,"Walnut"
"546","ConTillDrain01","five",0.6,0.5,"Walnut"
"547","ConTillDrain02","five",0.44,0.5,"Walnut"
"548","ConTillDrain03","five",0.44,0.5,"Walnut"
"549","ConTillRetired","five",0.48,0.5,"Walnut"
"550","CoverCrop","five",0.44,0.5,"Walnut"
"551","Drain0","five",0.68,0.5,"Walnut"
"552","Drain01","five",0.6,0.5,"Walnut"
"553","Drain02","five",0.56,0.5,"Walnut"
"554","Drain03","five",0.48,0.5,"Walnut"
"555","Drain0CT","five",0.64,0.5,"Walnut"
"556","Drain0NT","five",0.56,0.5,"Walnut"
"557","Drain1NT","five",0.56,0.5,"Walnut"
"558","Drain1Retired","five",0.56,0.5,"Walnut"
"559","Drain1RetiredAll","five",0.24,0.5,"Walnut"
"560","Drain1RetiredCT","five",0.44,0.5,"Walnut"
"561","Drain1RetiredNT","five",0.44,0.5,"Walnut"
"562","Drain2NT","five",0.48,0.5,"Walnut"
"563","Drain2Retired","five",0.44,0.5,"Walnut"
"564","Drain2RetiredAll","five",0.24,0.5,"Walnut"
"565","Drain2RetiredCT","five",0.44,0.5,"Walnut"
"566","Drain2RetiredNT","five",0.4,0.5,"Walnut"
"567","Drain3NT","five",0.36,0.5,"Walnut"
"568","Drain3Retired","five",0.36,0.5,"Walnut"
"569","Drain3RetiredAll","five",0.24,0.5,"Walnut"
"570","Drain3RetiredCT","five",0.4,0.5,"Walnut"
"571","Drain3RetiredNT","five",0.36,0.5,"Walnut"
"572","NoTillRetired","five",0.48,0.5,"Walnut"
"573","PlantDate01","five",0.56,0.5,"Walnut"
"574","PlantDate02","five",0.56,0.5,"Walnut"
"575","PlantDate03","five",0.56,0.5,"Walnut"
"576","PlantDate04","five",0.56,0.5,"Walnut"
"577","RetiredAll","five",0.36,0.5,"Walnut"
"578","RetiredPothole","five",0.56,0.5,"Walnut"
"579","Base","six",0.36,0.6,"Walnut"
"580","ConTillDrain01","six",0.4,0.6,"Walnut"
"581","ConTillDrain02","six",0.28,0.6,"Walnut"
"582","ConTillDrain03","six",0.24,0.6,"Walnut"
"583","ConTillRetired","six",0.36,0.6,"Walnut"
"584","CoverCrop","six",0.28,0.6,"Walnut"
"585","Drain0","six",0.44,0.6,"Walnut"
"586","Drain01","six",0.4,0.6,"Walnut"
"587","Drain02","six",0.36,0.6,"Walnut"
"588","Drain03","six",0.28,0.6,"Walnut"
"589","Drain0CT","six",0.4,0.6,"Walnut"
"590","Drain0NT","six",0.36,0.6,"Walnut"
"591","Drain1NT","six",0.32,0.6,"Walnut"
"592","Drain1Retired","six",0.32,0.6,"Walnut"
"593","Drain1RetiredAll","six",0.24,0.6,"Walnut"
"594","Drain1RetiredCT","six",0.32,0.6,"Walnut"
"595","Drain1RetiredNT","six",0.28,0.6,"Walnut"
"596","Drain2NT","six",0.32,0.6,"Walnut"
"597","Drain2Retired","six",0.28,0.6,"Walnut"
"598","Drain2RetiredAll","six",0.2,0.6,"Walnut"
"599","Drain2RetiredCT","six",0.24,0.6,"Walnut"
"600","Drain2RetiredNT","six",0.24,0.6,"Walnut"
"601","Drain3NT","six",0.24,0.6,"Walnut"
"602","Drain3Retired","six",0.2,0.6,"Walnut"
"603","Drain3RetiredAll","six",0.16,0.6,"Walnut"
"604","Drain3RetiredCT","six",0.2,0.6,"Walnut"
"605","Drain3RetiredNT","six",0.24,0.6,"Walnut"
"606","NoTillRetired","six",0.32,0.6,"Walnut"
"607","PlantDate01","six",0.36,0.6,"Walnut"
"608","PlantDate02","six",0.32,0.6,"Walnut"
"609","PlantDate03","six",0.28,0.6,"Walnut"
"610","PlantDate04","six",0.32,0.6,"Walnut"
"611","RetiredAll","six",0.24,0.6,"Walnut"
"612","RetiredPothole","six",0.32,0.6,"Walnut"
"613","Base","seven",0.16,0.7,"Walnut"
"614","ConTillDrain01","seven",0.16,0.7,"Walnut"
"615","ConTillDrain02","seven",0.16,0.7,"Walnut"
"616","ConTillDrain03","seven",0.16,0.7,"Walnut"
"617","ConTillRetired","seven",0.24,0.7,"Walnut"
"618","CoverCrop","seven",0.16,0.7,"Walnut"
"619","Drain0","seven",0.24,0.7,"Walnut"
"620","Drain01","seven",0.16,0.7,"Walnut"
"621","Drain02","seven",0.16,0.7,"Walnut"
"622","Drain03","seven",0.16,0.7,"Walnut"
"623","Drain0CT","seven",0.28,0.7,"Walnut"
"624","Drain0NT","seven",0.24,0.7,"Walnut"
"625","Drain1NT","seven",0.24,0.7,"Walnut"
"626","Drain1Retired","seven",0.16,0.7,"Walnut"
"627","Drain1RetiredAll","seven",0.08,0.7,"Walnut"
"628","Drain1RetiredCT","seven",0.2,0.7,"Walnut"
"629","Drain1RetiredNT","seven",0.2,0.7,"Walnut"
"630","Drain2NT","seven",0.2,0.7,"Walnut"
"631","Drain2Retired","seven",0.16,0.7,"Walnut"
"632","Drain2RetiredAll","seven",0.08,0.7,"Walnut"
"633","Drain2RetiredCT","seven",0.16,0.7,"Walnut"
"634","Drain2RetiredNT","seven",0.2,0.7,"Walnut"
"635","Drain3NT","seven",0.16,0.7,"Walnut"
"636","Drain3Retired","seven",0.16,0.7,"Walnut"
"637","Drain3RetiredAll","seven",0.08,0.7,"Walnut"
"638","Drain3RetiredCT","seven",0.16,0.7,"Walnut"
"639","Drain3RetiredNT","seven",0.2,0.7,"Walnut"
"640","NoTillRetired","seven",0.2,0.7,"Walnut"
"641","PlantDate01","seven",0.16,0.7,"Walnut"
"642","PlantDate02","seven",0.16,0.7,"Walnut"
"643","PlantDate03","seven",0.16,0.7,"Walnut"
"644","PlantDate04","seven",0.16,0.7,"Walnut"
"645","RetiredAll","seven",0.16,0.7,"Walnut"
"646","RetiredPothole","seven",0.28,0.7,"Walnut"
"647","Base","eight",0.12,0.8,"Walnut"
"648","ConTillDrain01","eight",0.12,0.8,"Walnut"
"649","ConTillDrain02","eight",0.12,0.8,"Walnut"
"650","ConTillDrain03","eight",0.08,0.8,"Walnut"
"651","ConTillRetired","eight",0.16,0.8,"Walnut"
"652","CoverCrop","eight",0.12,0.8,"Walnut"
"653","Drain0","eight",0.2,0.8,"Walnut"
"654","Drain01","eight",0.12,0.8,"Walnut"
"655","Drain02","eight",0.12,0.8,"Walnut"
"656","Drain03","eight",0.12,0.8,"Walnut"
"657","Drain0CT","eight",0.16,0.8,"Walnut"
"658","Drain0NT","eight",0.12,0.8,"Walnut"
"659","Drain1NT","eight",0.08,0.8,"Walnut"
"660","Drain1Retired","eight",0.12,0.8,"Walnut"
"661","Drain1RetiredAll","eight",0.04,0.8,"Walnut"
"662","Drain1RetiredCT","eight",0.12,0.8,"Walnut"
"663","Drain1RetiredNT","eight",0.08,0.8,"Walnut"
"664","Drain2NT","eight",0.08,0.8,"Walnut"
"665","Drain2Retired","eight",0.12,0.8,"Walnut"
"666","Drain2RetiredAll","eight",0.04,0.8,"Walnut"
"667","Drain2RetiredCT","eight",0.08,0.8,"Walnut"
"668","Drain2RetiredNT","eight",0.08,0.8,"Walnut"
"669","Drain3NT","eight",0.08,0.8,"Walnut"
"670","Drain3Retired","eight",0.12,0.8,"Walnut"
"671","Drain3RetiredAll","eight",0.04,0.8,"Walnut"
"672","Drain3RetiredCT","eight",0.08,0.8,"Walnut"
"673","Drain3RetiredNT","eight",0.04,0.8,"Walnut"
"674","NoTillRetired","eight",0.12,0.8,"Walnut"
"675","PlantDate01","eight",0.12,0.8,"Walnut"
"676","PlantDate02","eight",0.12,0.8,"Walnut"
"677","PlantDate03","eight",0.12,0.8,"Walnut"
"678","PlantDate04","eight",0.12,0.8,"Walnut"
"679","RetiredAll","eight",0.04,0.8,"Walnut"
"680","RetiredPothole","eight",0.2,0.8,"Walnut"
"681","Base","nine",0.04,0.9,"Walnut"
"682","ConTillDrain01","nine",0.04,0.9,"Walnut"
"683","ConTillDrain02","nine",0.04,0.9,"Walnut"
"684","ConTillDrain03","nine",0.04,0.9,"Walnut"
"685","ConTillRetired","nine",0.12,0.9,"Walnut"
"686","CoverCrop","nine",0.04,0.9,"Walnut"
"687","Drain0","nine",0.12,0.9,"Walnut"
"688","Drain01","nine",0.04,0.9,"Walnut"
"689","Drain02","nine",0.04,0.9,"Walnut"
"690","Drain03","nine",0.04,0.9,"Walnut"
"691","Drain0CT","nine",0.08,0.9,"Walnut"
"692","Drain0NT","nine",0.04,0.9,"Walnut"
"693","Drain1NT","nine",0.04,0.9,"Walnut"
"694","Drain1Retired","nine",0.04,0.9,"Walnut"
"695","Drain1RetiredAll","nine",0.04,0.9,"Walnut"
"696","Drain1RetiredCT","nine",0.04,0.9,"Walnut"
"697","Drain1RetiredNT","nine",0.04,0.9,"Walnut"
"698","Drain2NT","nine",0.04,0.9,"Walnut"
"699","Drain2Retired","nine",0.04,0.9,"Walnut"
"700","Drain2RetiredAll","nine",0.04,0.9,"Walnut"
"701","Drain2RetiredCT","nine",0.04,0.9,"Walnut"
"702","Drain2RetiredNT","nine",0.04,0.9,"Walnut"
"703","Drain3NT","nine",0.04,0.9,"Walnut"
"704","Drain3Retired","nine",0.04,0.9,"Walnut"
"705","Drain3RetiredAll","nine",0.04,0.9,"Walnut"
"706","Drain3RetiredCT","nine",0.04,0.9,"Walnut"
"707","Drain3RetiredNT","nine",0.04,0.9,"Walnut"
"708","NoTillRetired","nine",0.04,0.9,"Walnut"
"709","PlantDate01","nine",0.04,0.9,"Walnut"
"710","PlantDate02","nine",0.04,0.9,"Walnut"
"711","PlantDate03","nine",0.04,0.9,"Walnut"
"712","PlantDate04","nine",0.04,0.9,"Walnut"
"713","RetiredAll","nine",0.04,0.9,"Walnut"
"714","RetiredPothole","nine",0.12,0.9,"Walnut"
"715","Base","ten",0.04,1,"Walnut"
"716","ConTillDrain01","ten",0.04,1,"Walnut"
"717","ConTillDrain02","ten",0.04,1,"Walnut"
"718","ConTillDrain03","ten",0.04,1,"Walnut"
"719","ConTillRetired","ten",0.04,1,"Walnut"
"720","CoverCrop","ten",0.04,1,"Walnut"
"721","Drain0","ten",0.08,1,"Walnut"
"722","Drain01","ten",0.04,1,"Walnut"
"723","Drain02","ten",0.04,1,"Walnut"
"724","Drain03","ten",0.04,1,"Walnut"
"725","Drain0CT","ten",0.04,1,"Walnut"
"726","Drain0NT","ten",0.04,1,"Walnut"
"727","Drain1NT","ten",0.04,1,"Walnut"
"728","Drain1Retired","ten",0.04,1,"Walnut"
"729","Drain1RetiredAll","ten",0,1,"Walnut"
"730","Drain1RetiredCT","ten",0.04,1,"Walnut"
"731","Drain1RetiredNT","ten",0.04,1,"Walnut"
"732","Drain2NT","ten",0.04,1,"Walnut"
"733","Drain2Retired","ten",0.04,1,"Walnut"
"734","Drain2RetiredAll","ten",0,1,"Walnut"
"735","Drain2RetiredCT","ten",0.04,1,"Walnut"
"736","Drain2RetiredNT","ten",0.04,1,"Walnut"
"737","Drain3NT","ten",0.04,1,"Walnut"
"738","Drain3Retired","ten",0.04,1,"Walnut"
"739","Drain3RetiredAll","ten",0,1,"Walnut"
"740","Drain3RetiredCT","ten",0.04,1,"Walnut"
"741","Drain3RetiredNT","ten",0.04,1,"Walnut"
"742","NoTillRetired","ten",0.04,1,"Walnut"
"743","PlantDate01","ten",0.04,1,"Walnut"
"744","PlantDate02","ten",0.04,1,"Walnut"
"745","PlantDate03","ten",0.04,1,"Walnut"
"746","PlantDate04","ten",0.04,1,"Walnut"
"747","RetiredAll","ten",0.04,1,"Walnut"
"748","RetiredPothole","ten",0.04,1,"Walnut"
"749","Base","zero",1,0,"Lettuce"
"750","ConTillDrain01","zero",1,0,"Lettuce"
"751","ConTillDrain02","zero",1,0,"Lettuce"
"752","ConTillDrain03","zero",1,0,"Lettuce"
"753","ConTillRetired","zero",1,0,"Lettuce"
"754","CoverCrop","zero",1,0,"Lettuce"
"755","Drain0","zero",1,0,"Lettuce"
"756","Drain01","zero",1,0,"Lettuce"
"757","Drain02","zero",1,0,"Lettuce"
"758","Drain03","zero",1,0,"Lettuce"
"759","Drain0CT","zero",1,0,"Lettuce"
"760","Drain0NT","zero",1,0,"Lettuce"
"761","Drain1NT","zero",1,0,"Lettuce"
"762","Drain1Retired","zero",1,0,"Lettuce"
"763","Drain1RetiredAll","zero",1,0,"Lettuce"
"764","Drain1RetiredCT","zero",1,0,"Lettuce"
"765","Drain1RetiredNT","zero",1,0,"Lettuce"
"766","Drain2NT","zero",1,0,"Lettuce"
"767","Drain2Retired","zero",1,0,"Lettuce"
"768","Drain2RetiredAll","zero",1,0,"Lettuce"
"769","Drain2RetiredCT","zero",1,0,"Lettuce"
"770","Drain2RetiredNT","zero",1,0,"Lettuce"
"771","Drain3NT","zero",1,0,"Lettuce"
"772","Drain3Retired","zero",1,0,"Lettuce"
"773","Drain3RetiredAll","zero",1,0,"Lettuce"
"774","Drain3RetiredCT","zero",1,0,"Lettuce"
"775","Drain3RetiredNT","zero",1,0,"Lettuce"
"776","NoTillRetired","zero",1,0,"Lettuce"
"777","PlantDate01","zero",1,0,"Lettuce"
"778","PlantDate02","zero",1,0,"Lettuce"
"779","PlantDate03","zero",1,0,"Lettuce"
"780","PlantDate04","zero",1,0,"Lettuce"
"781","RetiredAll","zero",1,0,"Lettuce"
"782","RetiredPothole","zero",1,0,"Lettuce"
"783","Base","one",1,0.1,"Lettuce"
"784","ConTillDrain01","one",1,0.1,"Lettuce"
"785","ConTillDrain02","one",1,0.1,"Lettuce"
"786","ConTillDrain03","one",1,0.1,"Lettuce"
"787","ConTillRetired","one",1,0.1,"Lettuce"
"788","CoverCrop","one",1,0.1,"Lettuce"
"789","Drain0","one",1,0.1,"Lettuce"
"790","Drain01","one",1,0.1,"Lettuce"
"791","Drain02","one",1,0.1,"Lettuce"
"792","Drain03","one",1,0.1,"Lettuce"
"793","Drain0CT","one",1,0.1,"Lettuce"
"794","Drain0NT","one",1,0.1,"Lettuce"
"795","Drain1NT","one",1,0.1,"Lettuce"
"796","Drain1Retired","one",1,0.1,"Lettuce"
"797","Drain1RetiredAll","one",0.88,0.1,"Lettuce"
"798","Drain1RetiredCT","one",1,0.1,"Lettuce"
"799","Drain1RetiredNT","one",1,0.1,"Lettuce"
"800","Drain2NT","one",1,0.1,"Lettuce"
"801","Drain2Retired","one",1,0.1,"Lettuce"
"802","Drain2RetiredAll","one",0.88,0.1,"Lettuce"
"803","Drain2RetiredCT","one",1,0.1,"Lettuce"
"804","Drain2RetiredNT","one",1,0.1,"Lettuce"
"805","Drain3NT","one",1,0.1,"Lettuce"
"806","Drain3Retired","one",1,0.1,"Lettuce"
"807","Drain3RetiredAll","one",0.8,0.1,"Lettuce"
"808","Drain3RetiredCT","one",1,0.1,"Lettuce"
"809","Drain3RetiredNT","one",1,0.1,"Lettuce"
"810","NoTillRetired","one",1,0.1,"Lettuce"
"811","PlantDate01","one",1,0.1,"Lettuce"
"812","PlantDate02","one",1,0.1,"Lettuce"
"813","PlantDate03","one",1,0.1,"Lettuce"
"814","PlantDate04","one",1,0.1,"Lettuce"
"815","RetiredAll","one",0.96,0.1,"Lettuce"
"816","RetiredPothole","one",1,0.1,"Lettuce"
"817","Base","two",1,0.2,"Lettuce"
"818","ConTillDrain01","two",1,0.2,"Lettuce"
"819","ConTillDrain02","two",1,0.2,"Lettuce"
"820","ConTillDrain03","two",1,0.2,"Lettuce"
"821","ConTillRetired","two",1,0.2,"Lettuce"
"822","CoverCrop","two",0.96,0.2,"Lettuce"
"823","Drain0","two",1,0.2,"Lettuce"
"824","Drain01","two",1,0.2,"Lettuce"
"825","Drain02","two",1,0.2,"Lettuce"
"826","Drain03","two",0.96,0.2,"Lettuce"
"827","Drain0CT","two",1,0.2,"Lettuce"
"828","Drain0NT","two",1,0.2,"Lettuce"
"829","Drain1NT","two",1,0.2,"Lettuce"
"830","Drain1Retired","two",1,0.2,"Lettuce"
"831","Drain1RetiredAll","two",0.88,0.2,"Lettuce"
"832","Drain1RetiredCT","two",1,0.2,"Lettuce"
"833","Drain1RetiredNT","two",1,0.2,"Lettuce"
"834","Drain2NT","two",1,0.2,"Lettuce"
"835","Drain2Retired","two",1,0.2,"Lettuce"
"836","Drain2RetiredAll","two",0.8,0.2,"Lettuce"
"837","Drain2RetiredCT","two",1,0.2,"Lettuce"
"838","Drain2RetiredNT","two",1,0.2,"Lettuce"
"839","Drain3NT","two",1,0.2,"Lettuce"
"840","Drain3Retired","two",0.96,0.2,"Lettuce"
"841","Drain3RetiredAll","two",0.8,0.2,"Lettuce"
"842","Drain3RetiredCT","two",1,0.2,"Lettuce"
"843","Drain3RetiredNT","two",0.96,0.2,"Lettuce"
"844","NoTillRetired","two",1,0.2,"Lettuce"
"845","PlantDate01","two",1,0.2,"Lettuce"
"846","PlantDate02","two",1,0.2,"Lettuce"
"847","PlantDate03","two",1,0.2,"Lettuce"
"848","PlantDate04","two",1,0.2,"Lettuce"
"849","RetiredAll","two",0.92,0.2,"Lettuce"
"850","RetiredPothole","two",1,0.2,"Lettuce"
"851","Base","three",1,0.3,"Lettuce"
"852","ConTillDrain01","three",1,0.3,"Lettuce"
"853","ConTillDrain02","three",1,0.3,"Lettuce"
"854","ConTillDrain03","three",0.92,0.3,"Lettuce"
"855","ConTillRetired","three",1,0.3,"Lettuce"
"856","CoverCrop","three",0.92,0.3,"Lettuce"
"857","Drain0","three",1,0.3,"Lettuce"
"858","Drain01","three",1,0.3,"Lettuce"
"859","Drain02","three",0.96,0.3,"Lettuce"
"860","Drain03","three",0.96,0.3,"Lettuce"
"861","Drain0CT","three",1,0.3,"Lettuce"
"862","Drain0NT","three",1,0.3,"Lettuce"
"863","Drain1NT","three",1,0.3,"Lettuce"
"864","Drain1Retired","three",0.96,0.3,"Lettuce"
"865","Drain1RetiredAll","three",0.8,0.3,"Lettuce"
"866","Drain1RetiredCT","three",1,0.3,"Lettuce"
"867","Drain1RetiredNT","three",0.96,0.3,"Lettuce"
"868","Drain2NT","three",0.96,0.3,"Lettuce"
"869","Drain2Retired","three",0.96,0.3,"Lettuce"
"870","Drain2RetiredAll","three",0.68,0.3,"Lettuce"
"871","Drain2RetiredCT","three",0.92,0.3,"Lettuce"
"872","Drain2RetiredNT","three",0.96,0.3,"Lettuce"
"873","Drain3NT","three",0.92,0.3,"Lettuce"
"874","Drain3Retired","three",0.92,0.3,"Lettuce"
"875","Drain3RetiredAll","three",0.56,0.3,"Lettuce"
"876","Drain3RetiredCT","three",0.92,0.3,"Lettuce"
"877","Drain3RetiredNT","three",0.92,0.3,"Lettuce"
"878","NoTillRetired","three",1,0.3,"Lettuce"
"879","PlantDate01","three",1,0.3,"Lettuce"
"880","PlantDate02","three",1,0.3,"Lettuce"
"881","PlantDate03","three",1,0.3,"Lettuce"
"882","PlantDate04","three",0.96,0.3,"Lettuce"
"883","RetiredAll","three",0.84,0.3,"Lettuce"
"884","RetiredPothole","three",1,0.3,"Lettuce"
"885","Base","four",0.96,0.4,"Lettuce"
"886","ConTillDrain01","four",0.92,0.4,"Lettuce"
"887","ConTillDrain02","four",0.92,0.4,"Lettuce"
"888","ConTillDrain03","four",0.88,0.4,"Lettuce"
"889","ConTillRetired","four",0.92,0.4,"Lettuce"
"890","CoverCrop","four",0.88,0.4,"Lettuce"
"891","Drain0","four",0.96,0.4,"Lettuce"
"892","Drain01","four",0.96,0.4,"Lettuce"
"893","Drain02","four",0.92,0.4,"Lettuce"
"894","Drain03","four",0.92,0.4,"Lettuce"
"895","Drain0CT","four",1,0.4,"Lettuce"
"896","Drain0NT","four",0.96,0.4,"Lettuce"
"897","Drain1NT","four",0.92,0.4,"Lettuce"
"898","Drain1Retired","four",0.92,0.4,"Lettuce"
"899","Drain1RetiredAll","four",0.56,0.4,"Lettuce"
"900","Drain1RetiredCT","four",0.92,0.4,"Lettuce"
"901","Drain1RetiredNT","four",0.92,0.4,"Lettuce"
"902","Drain2NT","four",0.92,0.4,"Lettuce"
"903","Drain2Retired","four",0.92,0.4,"Lettuce"
"904","Drain2RetiredAll","four",0.52,0.4,"Lettuce"
"905","Drain2RetiredCT","four",0.88,0.4,"Lettuce"
"906","Drain2RetiredNT","four",0.88,0.4,"Lettuce"
"907","Drain3NT","four",0.88,0.4,"Lettuce"
"908","Drain3Retired","four",0.88,0.4,"Lettuce"
"909","Drain3RetiredAll","four",0.44,0.4,"Lettuce"
"910","Drain3RetiredCT","four",0.88,0.4,"Lettuce"
"911","Drain3RetiredNT","four",0.8,0.4,"Lettuce"
"912","NoTillRetired","four",0.96,0.4,"Lettuce"
"913","PlantDate01","four",0.96,0.4,"Lettuce"
"914","PlantDate02","four",0.96,0.4,"Lettuce"
"915","PlantDate03","four",0.96,0.4,"Lettuce"
"916","PlantDate04","four",0.88,0.4,"Lettuce"
"917","RetiredAll","four",0.72,0.4,"Lettuce"
"918","RetiredPothole","four",0.96,0.4,"Lettuce"
"919","Base","five",0.88,0.5,"Lettuce"
"920","ConTillDrain01","five",0.88,0.5,"Lettuce"
"921","ConTillDrain02","five",0.84,0.5,"Lettuce"
"922","ConTillDrain03","five",0.76,0.5,"Lettuce"
"923","ConTillRetired","five",0.92,0.5,"Lettuce"
"924","CoverCrop","five",0.72,0.5,"Lettuce"
"925","Drain0","five",0.96,0.5,"Lettuce"
"926","Drain01","five",0.88,0.5,"Lettuce"
"927","Drain02","five",0.8,0.5,"Lettuce"
"928","Drain03","five",0.8,0.5,"Lettuce"
"929","Drain0CT","five",0.92,0.5,"Lettuce"
"930","Drain0NT","five",0.88,0.5,"Lettuce"
"931","Drain1NT","five",0.84,0.5,"Lettuce"
"932","Drain1Retired","five",0.84,0.5,"Lettuce"
"933","Drain1RetiredAll","five",0.36,0.5,"Lettuce"
"934","Drain1RetiredCT","five",0.88,0.5,"Lettuce"
"935","Drain1RetiredNT","five",0.8,0.5,"Lettuce"
"936","Drain2NT","five",0.8,0.5,"Lettuce"
"937","Drain2Retired","five",0.8,0.5,"Lettuce"
"938","Drain2RetiredAll","five",0.36,0.5,"Lettuce"
"939","Drain2RetiredCT","five",0.8,0.5,"Lettuce"
"940","Drain2RetiredNT","five",0.8,0.5,"Lettuce"
"941","Drain3NT","five",0.8,0.5,"Lettuce"
"942","Drain3Retired","five",0.8,0.5,"Lettuce"
"943","Drain3RetiredAll","five",0.36,0.5,"Lettuce"
"944","Drain3RetiredCT","five",0.72,0.5,"Lettuce"
"945","Drain3RetiredNT","five",0.68,0.5,"Lettuce"
"946","NoTillRetired","five",0.84,0.5,"Lettuce"
"947","PlantDate01","five",0.92,0.5,"Lettuce"
"948","PlantDate02","five",0.84,0.5,"Lettuce"
"949","PlantDate03","five",0.84,0.5,"Lettuce"
"950","PlantDate04","five",0.8,0.5,"Lettuce"
"951","RetiredAll","five",0.44,0.5,"Lettuce"
"952","RetiredPothole","five",0.96,0.5,"Lettuce"
"953","Base","six",0.76,0.6,"Lettuce"
"954","ConTillDrain01","six",0.68,0.6,"Lettuce"
"955","ConTillDrain02","six",0.68,0.6,"Lettuce"
"956","ConTillDrain03","six",0.68,0.6,"Lettuce"
"957","ConTillRetired","six",0.72,0.6,"Lettuce"
"958","CoverCrop","six",0.64,0.6,"Lettuce"
"959","Drain0","six",0.8,0.6,"Lettuce"
"960","Drain01","six",0.76,0.6,"Lettuce"
"961","Drain02","six",0.76,0.6,"Lettuce"
"962","Drain03","six",0.64,0.6,"Lettuce"
"963","Drain0CT","six",0.8,0.6,"Lettuce"
"964","Drain0NT","six",0.84,0.6,"Lettuce"
"965","Drain1NT","six",0.72,0.6,"Lettuce"
"966","Drain1Retired","six",0.76,0.6,"Lettuce"
"967","Drain1RetiredAll","six",0.32,0.6,"Lettuce"
"968","Drain1RetiredCT","six",0.72,0.6,"Lettuce"
"969","Drain1RetiredNT","six",0.6,0.6,"Lettuce"
"970","Drain2NT","six",0.56,0.6,"Lettuce"
"971","Drain2Retired","six",0.76,0.6,"Lettuce"
"972","Drain2RetiredAll","six",0.28,0.6,"Lettuce"
"973","Drain2RetiredCT","six",0.64,0.6,"Lettuce"
"974","Drain2RetiredNT","six",0.56,0.6,"Lettuce"
"975","Drain3NT","six",0.52,0.6,"Lettuce"
"976","Drain3Retired","six",0.64,0.6,"Lettuce"
"977","Drain3RetiredAll","six",0.24,0.6,"Lettuce"
"978","Drain3RetiredCT","six",0.6,0.6,"Lettuce"
"979","Drain3RetiredNT","six",0.52,0.6,"Lettuce"
"980","NoTillRetired","six",0.8,0.6,"Lettuce"
"981","PlantDate01","six",0.8,0.6,"Lettuce"
"982","PlantDate02","six",0.72,0.6,"Lettuce"
"983","PlantDate03","six",0.72,0.6,"Lettuce"
"984","PlantDate04","six",0.68,0.6,"Lettuce"
"985","RetiredAll","six",0.36,0.6,"Lettuce"
"986","RetiredPothole","six",0.8,0.6,"Lettuce"
"987","Base","seven",0.64,0.7,"Lettuce"
"988","ConTillDrain01","seven",0.6,0.7,"Lettuce"
"989","ConTillDrain02","seven",0.6,0.7,"Lettuce"
"990","ConTillDrain03","seven",0.52,0.7,"Lettuce"
"991","ConTillRetired","seven",0.64,0.7,"Lettuce"
"992","CoverCrop","seven",0.4,0.7,"Lettuce"
"993","Drain0","seven",0.64,0.7,"Lettuce"
"994","Drain01","seven",0.64,0.7,"Lettuce"
"995","Drain02","seven",0.56,0.7,"Lettuce"
"996","Drain03","seven",0.56,0.7,"Lettuce"
"997","Drain0CT","seven",0.68,0.7,"Lettuce"
"998","Drain0NT","seven",0.6,0.7,"Lettuce"
"999","Drain1NT","seven",0.56,0.7,"Lettuce"
"1000","Drain1Retired","seven",0.56,0.7,"Lettuce"
"1001","Drain1RetiredAll","seven",0.24,0.7,"Lettuce"
"1002","Drain1RetiredCT","seven",0.56,0.7,"Lettuce"
"1003","Drain1RetiredNT","seven",0.52,0.7,"Lettuce"
"1004","Drain2NT","seven",0.52,0.7,"Lettuce"
"1005","Drain2Retired","seven",0.52,0.7,"Lettuce"
"1006","Drain2RetiredAll","seven",0.24,0.7,"Lettuce"
"1007","Drain2RetiredCT","seven",0.48,0.7,"Lettuce"
"1008","Drain2RetiredNT","seven",0.44,0.7,"Lettuce"
"1009","Drain3NT","seven",0.4,0.7,"Lettuce"
"1010","Drain3Retired","seven",0.48,0.7,"Lettuce"
"1011","Drain3RetiredAll","seven",0.24,0.7,"Lettuce"
"1012","Drain3RetiredCT","seven",0.48,0.7,"Lettuce"
"1013","Drain3RetiredNT","seven",0.36,0.7,"Lettuce"
"1014","NoTillRetired","seven",0.56,0.7,"Lettuce"
"1015","PlantDate01","seven",0.68,0.7,"Lettuce"
"1016","PlantDate02","seven",0.64,0.7,"Lettuce"
"1017","PlantDate03","seven",0.6,0.7,"Lettuce"
"1018","PlantDate04","seven",0.6,0.7,"Lettuce"
"1019","RetiredAll","seven",0.32,0.7,"Lettuce"
"1020","RetiredPothole","seven",0.68,0.7,"Lettuce"
"1021","Base","eight",0.56,0.8,"Lettuce"
"1022","ConTillDrain01","eight",0.48,0.8,"Lettuce"
"1023","ConTillDrain02","eight",0.48,0.8,"Lettuce"
"1024","ConTillDrain03","eight",0.36,0.8,"Lettuce"
"1025","ConTillRetired","eight",0.48,0.8,"Lettuce"
"1026","CoverCrop","eight",0.36,0.8,"Lettuce"
"1027","Drain0","eight",0.56,0.8,"Lettuce"
"1028","Drain01","eight",0.56,0.8,"Lettuce"
"1029","Drain02","eight",0.48,0.8,"Lettuce"
"1030","Drain03","eight",0.48,0.8,"Lettuce"
"1031","Drain0CT","eight",0.52,0.8,"Lettuce"
"1032","Drain0NT","eight",0.52,0.8,"Lettuce"
"1033","Drain1NT","eight",0.36,0.8,"Lettuce"
"1034","Drain1Retired","eight",0.44,0.8,"Lettuce"
"1035","Drain1RetiredAll","eight",0.24,0.8,"Lettuce"
"1036","Drain1RetiredCT","eight",0.44,0.8,"Lettuce"
"1037","Drain1RetiredNT","eight",0.4,0.8,"Lettuce"
"1038","Drain2NT","eight",0.36,0.8,"Lettuce"
"1039","Drain2Retired","eight",0.44,0.8,"Lettuce"
"1040","Drain2RetiredAll","eight",0.24,0.8,"Lettuce"
"1041","Drain2RetiredCT","eight",0.4,0.8,"Lettuce"
"1042","Drain2RetiredNT","eight",0.36,0.8,"Lettuce"
"1043","Drain3NT","eight",0.36,0.8,"Lettuce"
"1044","Drain3Retired","eight",0.4,0.8,"Lettuce"
"1045","Drain3RetiredAll","eight",0.2,0.8,"Lettuce"
"1046","Drain3RetiredCT","eight",0.28,0.8,"Lettuce"
"1047","Drain3RetiredNT","eight",0.32,0.8,"Lettuce"
"1048","NoTillRetired","eight",0.44,0.8,"Lettuce"
"1049","PlantDate01","eight",0.56,0.8,"Lettuce"
"1050","PlantDate02","eight",0.48,0.8,"Lettuce"
"1051","PlantDate03","eight",0.48,0.8,"Lettuce"
"1052","PlantDate04","eight",0.44,0.8,"Lettuce"
"1053","RetiredAll","eight",0.24,0.8,"Lettuce"
"1054","RetiredPothole","eight",0.48,0.8,"Lettuce"
"1055","Base","nine",0.44,0.9,"Lettuce"
"1056","ConTillDrain01","nine",0.4,0.9,"Lettuce"
"1057","ConTillDrain02","nine",0.32,0.9,"Lettuce"
"1058","ConTillDrain03","nine",0.24,0.9,"Lettuce"
"1059","ConTillRetired","nine",0.4,0.9,"Lettuce"
"1060","CoverCrop","nine",0.2,0.9,"Lettuce"
"1061","Drain0","nine",0.44,0.9,"Lettuce"
"1062","Drain01","nine",0.44,0.9,"Lettuce"
"1063","Drain02","nine",0.4,0.9,"Lettuce"
"1064","Drain03","nine",0.28,0.9,"Lettuce"
"1065","Drain0CT","nine",0.44,0.9,"Lettuce"
"1066","Drain0NT","nine",0.4,0.9,"Lettuce"
"1067","Drain1NT","nine",0.36,0.9,"Lettuce"
"1068","Drain1Retired","nine",0.36,0.9,"Lettuce"
"1069","Drain1RetiredAll","nine",0.16,0.9,"Lettuce"
"1070","Drain1RetiredCT","nine",0.36,0.9,"Lettuce"
"1071","Drain1RetiredNT","nine",0.32,0.9,"Lettuce"
"1072","Drain2NT","nine",0.32,0.9,"Lettuce"
"1073","Drain2Retired","nine",0.36,0.9,"Lettuce"
"1074","Drain2RetiredAll","nine",0.16,0.9,"Lettuce"
"1075","Drain2RetiredCT","nine",0.24,0.9,"Lettuce"
"1076","Drain2RetiredNT","nine",0.24,0.9,"Lettuce"
"1077","Drain3NT","nine",0.28,0.9,"Lettuce"
"1078","Drain3Retired","nine",0.2,0.9,"Lettuce"
"1079","Drain3RetiredAll","nine",0.16,0.9,"Lettuce"
"1080","Drain3RetiredCT","nine",0.24,0.9,"Lettuce"
"1081","Drain3RetiredNT","nine",0.24,0.9,"Lettuce"
"1082","NoTillRetired","nine",0.36,0.9,"Lettuce"
"1083","PlantDate01","nine",0.44,0.9,"Lettuce"
"1084","PlantDate02","nine",0.44,0.9,"Lettuce"
"1085","PlantDate03","nine",0.36,0.9,"Lettuce"
"1086","PlantDate04","nine",0.28,0.9,"Lettuce"
"1087","RetiredAll","nine",0.2,0.9,"Lettuce"
"1088","RetiredPothole","nine",0.44,0.9,"Lettuce"
"1089","Base","ten",0.32,1,"Lettuce"
"1090","ConTillDrain01","ten",0.24,1,"Lettuce"
"1091","ConTillDrain02","ten",0.24,1,"Lettuce"
"1092","ConTillDrain03","ten",0.16,1,"Lettuce"
"1093","ConTillRetired","ten",0.36,1,"Lettuce"
"1094","CoverCrop","ten",0.2,1,"Lettuce"
"1095","Drain0","ten",0.4,1,"Lettuce"
"1096","Drain01","ten",0.32,1,"Lettuce"
"1097","Drain02","ten",0.2,1,"Lettuce"
"1098","Drain03","ten",0.16,1,"Lettuce"
"1099","Drain0CT","ten",0.4,1,"Lettuce"
"1100","Drain0NT","ten",0.32,1,"Lettuce"
"1101","Drain1NT","ten",0.28,1,"Lettuce"
"1102","Drain1Retired","ten",0.24,1,"Lettuce"
"1103","Drain1RetiredAll","ten",0.12,1,"Lettuce"
"1104","Drain1RetiredCT","ten",0.24,1,"Lettuce"
"1105","Drain1RetiredNT","ten",0.24,1,"Lettuce"
"1106","Drain2NT","ten",0.24,1,"Lettuce"
"1107","Drain2Retired","ten",0.16,1,"Lettuce"
"1108","Drain2RetiredAll","ten",0.08,1,"Lettuce"
"1109","Drain2RetiredCT","ten",0.2,1,"Lettuce"
"1110","Drain2RetiredNT","ten",0.24,1,"Lettuce"
"1111","Drain3NT","ten",0.24,1,"Lettuce"
"1112","Drain3Retired","ten",0.16,1,"Lettuce"
"1113","Drain3RetiredAll","ten",0.08,1,"Lettuce"
"1114","Drain3RetiredCT","ten",0.16,1,"Lettuce"
"1115","Drain3RetiredNT","ten",0.2,1,"Lettuce"
"1116","NoTillRetired","ten",0.32,1,"Lettuce"
"1117","PlantDate01","ten",0.28,1,"Lettuce"
"1118","PlantDate02","ten",0.28,1,"Lettuce"
"1119","PlantDate03","ten",0.24,1,"Lettuce"
"1120","PlantDate04","ten",0.24,1,"Lettuce"
"1121","RetiredAll","ten",0.2,1,"Lettuce"
"1122","RetiredPothole","ten",0.36,1,"Lettuce"
"1123","Base","zero",1,0,"Cardinal"
"1124","ConTillDrain01","zero",1,0,"Cardinal"
"1125","ConTillDrain02","zero",1,0,"Cardinal"
"1126","ConTillDrain03","zero",1,0,"Cardinal"
"1127","ConTillRetired","zero",1,0,"Cardinal"
"1128","CoverCrop","zero",1,0,"Cardinal"
"1129","Drain0","zero",1,0,"Cardinal"
"1130","Drain01","zero",1,0,"Cardinal"
"1131","Drain02","zero",1,0,"Cardinal"
"1132","Drain03","zero",1,0,"Cardinal"
"1133","Drain0CT","zero",1,0,"Cardinal"
"1134","Drain0NT","zero",1,0,"Cardinal"
"1135","Drain1NT","zero",1,0,"Cardinal"
"1136","Drain1Retired","zero",1,0,"Cardinal"
"1137","Drain1RetiredAll","zero",1,0,"Cardinal"
"1138","Drain1RetiredCT","zero",1,0,"Cardinal"
"1139","Drain1RetiredNT","zero",1,0,"Cardinal"
"1140","Drain2NT","zero",1,0,"Cardinal"
"1141","Drain2Retired","zero",1,0,"Cardinal"
"1142","Drain2RetiredAll","zero",1,0,"Cardinal"
"1143","Drain2RetiredCT","zero",1,0,"Cardinal"
"1144","Drain2RetiredNT","zero",1,0,"Cardinal"
"1145","Drain3NT","zero",1,0,"Cardinal"
"1146","Drain3Retired","zero",1,0,"Cardinal"
"1147","Drain3RetiredAll","zero",1,0,"Cardinal"
"1148","Drain3RetiredCT","zero",1,0,"Cardinal"
"1149","Drain3RetiredNT","zero",1,0,"Cardinal"
"1150","NoTillRetired","zero",1,0,"Cardinal"
"1151","PlantDate01","zero",1,0,"Cardinal"
"1152","PlantDate02","zero",1,0,"Cardinal"
"1153","PlantDate03","zero",1,0,"Cardinal"
"1154","PlantDate04","zero",1,0,"Cardinal"
"1155","RetiredAll","zero",1,0,"Cardinal"
"1156","RetiredPothole","zero",1,0,"Cardinal"
"1157","Base","one",0.96,0.1,"Cardinal"
"1158","ConTillDrain01","one",1,0.1,"Cardinal"
"1159","ConTillDrain02","one",0.96,0.1,"Cardinal"
"1160","ConTillDrain03","one",0.96,0.1,"Cardinal"
"1161","ConTillRetired","one",1,0.1,"Cardinal"
"1162","CoverCrop","one",0.96,0.1,"Cardinal"
"1163","Drain0","one",1,0.1,"Cardinal"
"1164","Drain01","one",1,0.1,"Cardinal"
"1165","Drain02","one",0.96,0.1,"Cardinal"
"1166","Drain03","one",0.92,0.1,"Cardinal"
"1167","Drain0CT","one",1,0.1,"Cardinal"
"1168","Drain0NT","one",1,0.1,"Cardinal"
"1169","Drain1NT","one",1,0.1,"Cardinal"
"1170","Drain1Retired","one",1,0.1,"Cardinal"
"1171","Drain1RetiredAll","one",0.96,0.1,"Cardinal"
"1172","Drain1RetiredCT","one",1,0.1,"Cardinal"
"1173","Drain1RetiredNT","one",1,0.1,"Cardinal"
"1174","Drain2NT","one",1,0.1,"Cardinal"
"1175","Drain2Retired","one",0.96,0.1,"Cardinal"
"1176","Drain2RetiredAll","one",0.92,0.1,"Cardinal"
"1177","Drain2RetiredCT","one",0.96,0.1,"Cardinal"
"1178","Drain2RetiredNT","one",0.96,0.1,"Cardinal"
"1179","Drain3NT","one",0.96,0.1,"Cardinal"
"1180","Drain3Retired","one",0.92,0.1,"Cardinal"
"1181","Drain3RetiredAll","one",0.8,0.1,"Cardinal"
"1182","Drain3RetiredCT","one",0.92,0.1,"Cardinal"
"1183","Drain3RetiredNT","one",0.92,0.1,"Cardinal"
"1184","NoTillRetired","one",1,0.1,"Cardinal"
"1185","PlantDate01","one",0.96,0.1,"Cardinal"
"1186","PlantDate02","one",0.96,0.1,"Cardinal"
"1187","PlantDate03","one",0.96,0.1,"Cardinal"
"1188","PlantDate04","one",0.96,0.1,"Cardinal"
"1189","RetiredAll","one",0.96,0.1,"Cardinal"
"1190","RetiredPothole","one",1,0.1,"Cardinal"
"1191","Base","two",0.96,0.2,"Cardinal"
"1192","ConTillDrain01","two",1,0.2,"Cardinal"
"1193","ConTillDrain02","two",0.96,0.2,"Cardinal"
"1194","ConTillDrain03","two",0.88,0.2,"Cardinal"
"1195","ConTillRetired","two",1,0.2,"Cardinal"
"1196","CoverCrop","two",0.92,0.2,"Cardinal"
"1197","Drain0","two",1,0.2,"Cardinal"
"1198","Drain01","two",0.96,0.2,"Cardinal"
"1199","Drain02","two",0.96,0.2,"Cardinal"
"1200","Drain03","two",0.92,0.2,"Cardinal"
"1201","Drain0CT","two",1,0.2,"Cardinal"
"1202","Drain0NT","two",1,0.2,"Cardinal"
"1203","Drain1NT","two",1,0.2,"Cardinal"
"1204","Drain1Retired","two",0.96,0.2,"Cardinal"
"1205","Drain1RetiredAll","two",0.92,0.2,"Cardinal"
"1206","Drain1RetiredCT","two",0.96,0.2,"Cardinal"
"1207","Drain1RetiredNT","two",1,0.2,"Cardinal"
"1208","Drain2NT","two",0.96,0.2,"Cardinal"
"1209","Drain2Retired","two",0.92,0.2,"Cardinal"
"1210","Drain2RetiredAll","two",0.8,0.2,"Cardinal"
"1211","Drain2RetiredCT","two",0.96,0.2,"Cardinal"
"1212","Drain2RetiredNT","two",0.96,0.2,"Cardinal"
"1213","Drain3NT","two",0.92,0.2,"Cardinal"
"1214","Drain3Retired","two",0.92,0.2,"Cardinal"
"1215","Drain3RetiredAll","two",0.8,0.2,"Cardinal"
"1216","Drain3RetiredCT","two",0.84,0.2,"Cardinal"
"1217","Drain3RetiredNT","two",0.88,0.2,"Cardinal"
"1218","NoTillRetired","two",1,0.2,"Cardinal"
"1219","PlantDate01","two",0.96,0.2,"Cardinal"
"1220","PlantDate02","two",0.96,0.2,"Cardinal"
"1221","PlantDate03","two",0.96,0.2,"Cardinal"
"1222","PlantDate04","two",0.96,0.2,"Cardinal"
"1223","RetiredAll","two",0.96,0.2,"Cardinal"
"1224","RetiredPothole","two",1,0.2,"Cardinal"
"1225","Base","three",0.92,0.3,"Cardinal"
"1226","ConTillDrain01","three",0.96,0.3,"Cardinal"
"1227","ConTillDrain02","three",0.88,0.3,"Cardinal"
"1228","ConTillDrain03","three",0.84,0.3,"Cardinal"
"1229","ConTillRetired","three",1,0.3,"Cardinal"
"1230","CoverCrop","three",0.92,0.3,"Cardinal"
"1231","Drain0","three",1,0.3,"Cardinal"
"1232","Drain01","three",0.96,0.3,"Cardinal"
"1233","Drain02","three",0.92,0.3,"Cardinal"
"1234","Drain03","three",0.92,0.3,"Cardinal"
"1235","Drain0CT","three",1,0.3,"Cardinal"
"1236","Drain0NT","three",1,0.3,"Cardinal"
"1237","Drain1NT","three",0.96,0.3,"Cardinal"
"1238","Drain1Retired","three",0.92,0.3,"Cardinal"
"1239","Drain1RetiredAll","three",0.8,0.3,"Cardinal"
"1240","Drain1RetiredCT","three",0.96,0.3,"Cardinal"
"1241","Drain1RetiredNT","three",0.96,0.3,"Cardinal"
"1242","Drain2NT","three",0.96,0.3,"Cardinal"
"1243","Drain2Retired","three",0.92,0.3,"Cardinal"
"1244","Drain2RetiredAll","three",0.8,0.3,"Cardinal"
"1245","Drain2RetiredCT","three",0.88,0.3,"Cardinal"
"1246","Drain2RetiredNT","three",0.88,0.3,"Cardinal"
"1247","Drain3NT","three",0.84,0.3,"Cardinal"
"1248","Drain3Retired","three",0.88,0.3,"Cardinal"
"1249","Drain3RetiredAll","three",0.8,0.3,"Cardinal"
"1250","Drain3RetiredCT","three",0.8,0.3,"Cardinal"
"1251","Drain3RetiredNT","three",0.84,0.3,"Cardinal"
"1252","NoTillRetired","three",1,0.3,"Cardinal"
"1253","PlantDate01","three",0.92,0.3,"Cardinal"
"1254","PlantDate02","three",0.92,0.3,"Cardinal"
"1255","PlantDate03","three",0.92,0.3,"Cardinal"
"1256","PlantDate04","three",0.92,0.3,"Cardinal"
"1257","RetiredAll","three",0.96,0.3,"Cardinal"
"1258","RetiredPothole","three",1,0.3,"Cardinal"
"1259","Base","four",0.92,0.4,"Cardinal"
"1260","ConTillDrain01","four",0.88,0.4,"Cardinal"
"1261","ConTillDrain02","four",0.84,0.4,"Cardinal"
"1262","ConTillDrain03","four",0.76,0.4,"Cardinal"
"1263","ConTillRetired","four",0.96,0.4,"Cardinal"
"1264","CoverCrop","four",0.88,0.4,"Cardinal"
"1265","Drain0","four",0.96,0.4,"Cardinal"
"1266","Drain01","four",0.92,0.4,"Cardinal"
"1267","Drain02","four",0.92,0.4,"Cardinal"
"1268","Drain03","four",0.84,0.4,"Cardinal"
"1269","Drain0CT","four",0.96,0.4,"Cardinal"
"1270","Drain0NT","four",0.96,0.4,"Cardinal"
"1271","Drain1NT","four",0.92,0.4,"Cardinal"
"1272","Drain1Retired","four",0.92,0.4,"Cardinal"
"1273","Drain1RetiredAll","four",0.8,0.4,"Cardinal"
"1274","Drain1RetiredCT","four",0.88,0.4,"Cardinal"
"1275","Drain1RetiredNT","four",0.88,0.4,"Cardinal"
"1276","Drain2NT","four",0.84,0.4,"Cardinal"
"1277","Drain2Retired","four",0.92,0.4,"Cardinal"
"1278","Drain2RetiredAll","four",0.8,0.4,"Cardinal"
"1279","Drain2RetiredCT","four",0.8,0.4,"Cardinal"
"1280","Drain2RetiredNT","four",0.84,0.4,"Cardinal"
"1281","Drain3NT","four",0.72,0.4,"Cardinal"
"1282","Drain3Retired","four",0.84,0.4,"Cardinal"
"1283","Drain3RetiredAll","four",0.72,0.4,"Cardinal"
"1284","Drain3RetiredCT","four",0.76,0.4,"Cardinal"
"1285","Drain3RetiredNT","four",0.72,0.4,"Cardinal"
"1286","NoTillRetired","four",0.96,0.4,"Cardinal"
"1287","PlantDate01","four",0.92,0.4,"Cardinal"
"1288","PlantDate02","four",0.92,0.4,"Cardinal"
"1289","PlantDate03","four",0.92,0.4,"Cardinal"
"1290","PlantDate04","four",0.92,0.4,"Cardinal"
"1291","RetiredAll","four",0.88,0.4,"Cardinal"
"1292","RetiredPothole","four",0.96,0.4,"Cardinal"
"1293","Base","five",0.84,0.5,"Cardinal"
"1294","ConTillDrain01","five",0.76,0.5,"Cardinal"
"1295","ConTillDrain02","five",0.72,0.5,"Cardinal"
"1296","ConTillDrain03","five",0.72,0.5,"Cardinal"
"1297","ConTillRetired","five",0.88,0.5,"Cardinal"
"1298","CoverCrop","five",0.76,0.5,"Cardinal"
"1299","Drain0","five",0.96,0.5,"Cardinal"
"1300","Drain01","five",0.84,0.5,"Cardinal"
"1301","Drain02","five",0.84,0.5,"Cardinal"
"1302","Drain03","five",0.72,0.5,"Cardinal"
"1303","Drain0CT","five",0.92,0.5,"Cardinal"
"1304","Drain0NT","five",0.96,0.5,"Cardinal"
"1305","Drain1NT","five",0.84,0.5,"Cardinal"
"1306","Drain1Retired","five",0.84,0.5,"Cardinal"
"1307","Drain1RetiredAll","five",0.76,0.5,"Cardinal"
"1308","Drain1RetiredCT","five",0.76,0.5,"Cardinal"
"1309","Drain1RetiredNT","five",0.8,0.5,"Cardinal"
"1310","Drain2NT","five",0.72,0.5,"Cardinal"
"1311","Drain2Retired","five",0.8,0.5,"Cardinal"
"1312","Drain2RetiredAll","five",0.64,0.5,"Cardinal"
"1313","Drain2RetiredCT","five",0.72,0.5,"Cardinal"
"1314","Drain2RetiredNT","five",0.68,0.5,"Cardinal"
"1315","Drain3NT","five",0.6,0.5,"Cardinal"
"1316","Drain3Retired","five",0.68,0.5,"Cardinal"
"1317","Drain3RetiredAll","five",0.52,0.5,"Cardinal"
"1318","Drain3RetiredCT","five",0.72,0.5,"Cardinal"
"1319","Drain3RetiredNT","five",0.6,0.5,"Cardinal"
"1320","NoTillRetired","five",0.92,0.5,"Cardinal"
"1321","PlantDate01","five",0.84,0.5,"Cardinal"
"1322","PlantDate02","five",0.76,0.5,"Cardinal"
"1323","PlantDate03","five",0.76,0.5,"Cardinal"
"1324","PlantDate04","five",0.8,0.5,"Cardinal"
"1325","RetiredAll","five",0.8,0.5,"Cardinal"
"1326","RetiredPothole","five",0.92,0.5,"Cardinal"
"1327","Base","six",0.64,0.6,"Cardinal"
"1328","ConTillDrain01","six",0.72,0.6,"Cardinal"
"1329","ConTillDrain02","six",0.68,0.6,"Cardinal"
"1330","ConTillDrain03","six",0.6,0.6,"Cardinal"
"1331","ConTillRetired","six",0.76,0.6,"Cardinal"
"1332","CoverCrop","six",0.64,0.6,"Cardinal"
"1333","Drain0","six",0.84,0.6,"Cardinal"
"1334","Drain01","six",0.72,0.6,"Cardinal"
"1335","Drain02","six",0.64,0.6,"Cardinal"
"1336","Drain03","six",0.64,0.6,"Cardinal"
"1337","Drain0CT","six",0.8,0.6,"Cardinal"
"1338","Drain0NT","six",0.76,0.6,"Cardinal"
"1339","Drain1NT","six",0.6,0.6,"Cardinal"
"1340","Drain1Retired","six",0.68,0.6,"Cardinal"
"1341","Drain1RetiredAll","six",0.52,0.6,"Cardinal"
"1342","Drain1RetiredCT","six",0.72,0.6,"Cardinal"
"1343","Drain1RetiredNT","six",0.6,0.6,"Cardinal"
"1344","Drain2NT","six",0.6,0.6,"Cardinal"
"1345","Drain2Retired","six",0.64,0.6,"Cardinal"
"1346","Drain2RetiredAll","six",0.52,0.6,"Cardinal"
"1347","Drain2RetiredCT","six",0.64,0.6,"Cardinal"
"1348","Drain2RetiredNT","six",0.56,0.6,"Cardinal"
"1349","Drain3NT","six",0.56,0.6,"Cardinal"
"1350","Drain3Retired","six",0.56,0.6,"Cardinal"
"1351","Drain3RetiredAll","six",0.36,0.6,"Cardinal"
"1352","Drain3RetiredCT","six",0.6,0.6,"Cardinal"
"1353","Drain3RetiredNT","six",0.48,0.6,"Cardinal"
"1354","NoTillRetired","six",0.76,0.6,"Cardinal"
"1355","PlantDate01","six",0.72,0.6,"Cardinal"
"1356","PlantDate02","six",0.68,0.6,"Cardinal"
"1357","PlantDate03","six",0.68,0.6,"Cardinal"
"1358","PlantDate04","six",0.68,0.6,"Cardinal"
"1359","RetiredAll","six",0.76,0.6,"Cardinal"
"1360","RetiredPothole","six",0.84,0.6,"Cardinal"
"1361","Base","seven",0.56,0.7,"Cardinal"
"1362","ConTillDrain01","seven",0.6,0.7,"Cardinal"
"1363","ConTillDrain02","seven",0.56,0.7,"Cardinal"
"1364","ConTillDrain03","seven",0.36,0.7,"Cardinal"
"1365","ConTillRetired","seven",0.64,0.7,"Cardinal"
"1366","CoverCrop","seven",0.44,0.7,"Cardinal"
"1367","Drain0","seven",0.64,0.7,"Cardinal"
"1368","Drain01","seven",0.64,0.7,"Cardinal"
"1369","Drain02","seven",0.56,0.7,"Cardinal"
"1370","Drain03","seven",0.48,0.7,"Cardinal"
"1371","Drain0CT","seven",0.68,0.7,"Cardinal"
"1372","Drain0NT","seven",0.6,0.7,"Cardinal"
"1373","Drain1NT","seven",0.56,0.7,"Cardinal"
"1374","Drain1Retired","seven",0.6,0.7,"Cardinal"
"1375","Drain1RetiredAll","seven",0.36,0.7,"Cardinal"
"1376","Drain1RetiredCT","seven",0.56,0.7,"Cardinal"
"1377","Drain1RetiredNT","seven",0.48,0.7,"Cardinal"
"1378","Drain2NT","seven",0.48,0.7,"Cardinal"
"1379","Drain2Retired","seven",0.48,0.7,"Cardinal"
"1380","Drain2RetiredAll","seven",0.24,0.7,"Cardinal"
"1381","Drain2RetiredCT","seven",0.48,0.7,"Cardinal"
"1382","Drain2RetiredNT","seven",0.4,0.7,"Cardinal"
"1383","Drain3NT","seven",0.4,0.7,"Cardinal"
"1384","Drain3Retired","seven",0.48,0.7,"Cardinal"
"1385","Drain3RetiredAll","seven",0.24,0.7,"Cardinal"
"1386","Drain3RetiredCT","seven",0.32,0.7,"Cardinal"
"1387","Drain3RetiredNT","seven",0.32,0.7,"Cardinal"
"1388","NoTillRetired","seven",0.6,0.7,"Cardinal"
"1389","PlantDate01","seven",0.56,0.7,"Cardinal"
"1390","PlantDate02","seven",0.6,0.7,"Cardinal"
"1391","PlantDate03","seven",0.56,0.7,"Cardinal"
"1392","PlantDate04","seven",0.56,0.7,"Cardinal"
"1393","RetiredAll","seven",0.48,0.7,"Cardinal"
"1394","RetiredPothole","seven",0.64,0.7,"Cardinal"
"1395","Base","eight",0.4,0.8,"Cardinal"
"1396","ConTillDrain01","eight",0.36,0.8,"Cardinal"
"1397","ConTillDrain02","eight",0.28,0.8,"Cardinal"
"1398","ConTillDrain03","eight",0.28,0.8,"Cardinal"
"1399","ConTillRetired","eight",0.4,0.8,"Cardinal"
"1400","CoverCrop","eight",0.32,0.8,"Cardinal"
"1401","Drain0","eight",0.52,0.8,"Cardinal"
"1402","Drain01","eight",0.44,0.8,"Cardinal"
"1403","Drain02","eight",0.4,0.8,"Cardinal"
"1404","Drain03","eight",0.24,0.8,"Cardinal"
"1405","Drain0CT","eight",0.44,0.8,"Cardinal"
"1406","Drain0NT","eight",0.44,0.8,"Cardinal"
"1407","Drain1NT","eight",0.32,0.8,"Cardinal"
"1408","Drain1Retired","eight",0.4,0.8,"Cardinal"
"1409","Drain1RetiredAll","eight",0.24,0.8,"Cardinal"
"1410","Drain1RetiredCT","eight",0.32,0.8,"Cardinal"
"1411","Drain1RetiredNT","eight",0.28,0.8,"Cardinal"
"1412","Drain2NT","eight",0.28,0.8,"Cardinal"
"1413","Drain2Retired","eight",0.32,0.8,"Cardinal"
"1414","Drain2RetiredAll","eight",0.24,0.8,"Cardinal"
"1415","Drain2RetiredCT","eight",0.28,0.8,"Cardinal"
"1416","Drain2RetiredNT","eight",0.28,0.8,"Cardinal"
"1417","Drain3NT","eight",0.28,0.8,"Cardinal"
"1418","Drain3Retired","eight",0.24,0.8,"Cardinal"
"1419","Drain3RetiredAll","eight",0.24,0.8,"Cardinal"
"1420","Drain3RetiredCT","eight",0.24,0.8,"Cardinal"
"1421","Drain3RetiredNT","eight",0.24,0.8,"Cardinal"
"1422","NoTillRetired","eight",0.44,0.8,"Cardinal"
"1423","PlantDate01","eight",0.4,0.8,"Cardinal"
"1424","PlantDate02","eight",0.36,0.8,"Cardinal"
"1425","PlantDate03","eight",0.36,0.8,"Cardinal"
"1426","PlantDate04","eight",0.36,0.8,"Cardinal"
"1427","RetiredAll","eight",0.32,0.8,"Cardinal"
"1428","RetiredPothole","eight",0.52,0.8,"Cardinal"
"1429","Base","nine",0.16,0.9,"Cardinal"
"1430","ConTillDrain01","nine",0.2,0.9,"Cardinal"
"1431","ConTillDrain02","nine",0.16,0.9,"Cardinal"
"1432","ConTillDrain03","nine",0.16,0.9,"Cardinal"
"1433","ConTillRetired","nine",0.28,0.9,"Cardinal"
"1434","CoverCrop","nine",0.16,0.9,"Cardinal"
"1435","Drain0","nine",0.36,0.9,"Cardinal"
"1436","Drain01","nine",0.16,0.9,"Cardinal"
"1437","Drain02","nine",0.16,0.9,"Cardinal"
"1438","Drain03","nine",0.16,0.9,"Cardinal"
"1439","Drain0CT","nine",0.36,0.9,"Cardinal"
"1440","Drain0NT","nine",0.36,0.9,"Cardinal"
"1441","Drain1NT","nine",0.24,0.9,"Cardinal"
"1442","Drain1Retired","nine",0.16,0.9,"Cardinal"
"1443","Drain1RetiredAll","nine",0.2,0.9,"Cardinal"
"1444","Drain1RetiredCT","nine",0.16,0.9,"Cardinal"
"1445","Drain1RetiredNT","nine",0.2,0.9,"Cardinal"
"1446","Drain2NT","nine",0.2,0.9,"Cardinal"
"1447","Drain2Retired","nine",0.16,0.9,"Cardinal"
"1448","Drain2RetiredAll","nine",0.16,0.9,"Cardinal"
"1449","Drain2RetiredCT","nine",0.16,0.9,"Cardinal"
"1450","Drain2RetiredNT","nine",0.16,0.9,"Cardinal"
"1451","Drain3NT","nine",0.16,0.9,"Cardinal"
"1452","Drain3Retired","nine",0.16,0.9,"Cardinal"
"1453","Drain3RetiredAll","nine",0.16,0.9,"Cardinal"
"1454","Drain3RetiredCT","nine",0.16,0.9,"Cardinal"
"1455","Drain3RetiredNT","nine",0.16,0.9,"Cardinal"
"1456","NoTillRetired","nine",0.28,0.9,"Cardinal"
"1457","PlantDate01","nine",0.16,0.9,"Cardinal"
"1458","PlantDate02","nine",0.16,0.9,"Cardinal"
"1459","PlantDate03","nine",0.16,0.9,"Cardinal"
"1460","PlantDate04","nine",0.16,0.9,"Cardinal"
"1461","RetiredAll","nine",0.24,0.9,"Cardinal"
"1462","RetiredPothole","nine",0.32,0.9,"Cardinal"
"1463","Base","ten",0.12,1,"Cardinal"
"1464","ConTillDrain01","ten",0.12,1,"Cardinal"
"1465","ConTillDrain02","ten",0.12,1,"Cardinal"
"1466","ConTillDrain03","ten",0.12,1,"Cardinal"
"1467","ConTillRetired","ten",0.16,1,"Cardinal"
"1468","CoverCrop","ten",0.12,1,"Cardinal"
"1469","Drain0","ten",0.24,1,"Cardinal"
"1470","Drain01","ten",0.12,1,"Cardinal"
"1471","Drain02","ten",0.12,1,"Cardinal"
"1472","Drain03","ten",0.12,1,"Cardinal"
"1473","Drain0CT","ten",0.2,1,"Cardinal"
"1474","Drain0NT","ten",0.16,1,"Cardinal"
"1475","Drain1NT","ten",0.08,1,"Cardinal"
"1476","Drain1Retired","ten",0.12,1,"Cardinal"
"1477","Drain1RetiredAll","ten",0.04,1,"Cardinal"
"1478","Drain1RetiredCT","ten",0.12,1,"Cardinal"
"1479","Drain1RetiredNT","ten",0.08,1,"Cardinal"
"1480","Drain2NT","ten",0.08,1,"Cardinal"
"1481","Drain2Retired","ten",0.12,1,"Cardinal"
"1482","Drain2RetiredAll","ten",0.04,1,"Cardinal"
"1483","Drain2RetiredCT","ten",0.12,1,"Cardinal"
"1484","Drain2RetiredNT","ten",0.08,1,"Cardinal"
"1485","Drain3NT","ten",0.08,1,"Cardinal"
"1486","Drain3Retired","ten",0.08,1,"Cardinal"
"1487","Drain3RetiredAll","ten",0.04,1,"Cardinal"
"1488","Drain3RetiredCT","ten",0.08,1,"Cardinal"
"1489","Drain3RetiredNT","ten",0.04,1,"Cardinal"
"1490","NoTillRetired","ten",0.16,1,"Cardinal"
"1491","PlantDate01","ten",0.12,1,"Cardinal"
"1492","PlantDate02","ten",0.12,1,"Cardinal"
"1493","PlantDate03","ten",0.12,1,"Cardinal"
"1494","PlantDate04","ten",0.12,1,"Cardinal"
"1495","RetiredAll","ten",0.2,1,"Cardinal"
"1496","RetiredPothole","ten",0.2,1,"Cardinal"
"1497","Base","zero",1,0,"Hen"
"1498","ConTillDrain01","zero",1,0,"Hen"
"1499","ConTillDrain02","zero",1,0,"Hen"
"1500","ConTillDrain03","zero",1,0,"Hen"
"1501","ConTillRetired","zero",1,0,"Hen"
"1502","CoverCrop","zero",1,0,"Hen"
"1503","Drain0","zero",1,0,"Hen"
"1504","Drain01","zero",1,0,"Hen"
"1505","Drain02","zero",1,0,"Hen"
"1506","Drain03","zero",1,0,"Hen"
"1507","Drain0CT","zero",1,0,"Hen"
"1508","Drain0NT","zero",1,0,"Hen"
"1509","Drain1NT","zero",1,0,"Hen"
"1510","Drain1Retired","zero",1,0,"Hen"
"1511","Drain1RetiredAll","zero",1,0,"Hen"
"1512","Drain1RetiredCT","zero",1,0,"Hen"
"1513","Drain1RetiredNT","zero",1,0,"Hen"
"1514","Drain2NT","zero",1,0,"Hen"
"1515","Drain2Retired","zero",1,0,"Hen"
"1516","Drain2RetiredAll","zero",1,0,"Hen"
"1517","Drain2RetiredCT","zero",1,0,"Hen"
"1518","Drain2RetiredNT","zero",1,0,"Hen"
"1519","Drain3NT","zero",1,0,"Hen"
"1520","Drain3Retired","zero",1,0,"Hen"
"1521","Drain3RetiredAll","zero",1,0,"Hen"
"1522","Drain3RetiredCT","zero",1,0,"Hen"
"1523","Drain3RetiredNT","zero",1,0,"Hen"
"1524","NoTillRetired","zero",1,0,"Hen"
"1525","PlantDate01","zero",1,0,"Hen"
"1526","PlantDate02","zero",1,0,"Hen"
"1527","PlantDate03","zero",1,0,"Hen"
"1528","PlantDate04","zero",1,0,"Hen"
"1529","RetiredAll","zero",1,0,"Hen"
"1530","RetiredPothole","zero",1,0,"Hen"
"1531","Base","one",1,0.1,"Hen"
"1532","ConTillDrain01","one",1,0.1,"Hen"
"1533","ConTillDrain02","one",1,0.1,"Hen"
"1534","ConTillDrain03","one",1,0.1,"Hen"
"1535","ConTillRetired","one",1,0.1,"Hen"
"1536","CoverCrop","one",0.96,0.1,"Hen"
"1537","Drain0","one",1,0.1,"Hen"
"1538","Drain01","one",1,0.1,"Hen"
"1539","Drain02","one",1,0.1,"Hen"
"1540","Drain03","one",1,0.1,"Hen"
"1541","Drain0CT","one",1,0.1,"Hen"
"1542","Drain0NT","one",1,0.1,"Hen"
"1543","Drain1NT","one",1,0.1,"Hen"
"1544","Drain1Retired","one",1,0.1,"Hen"
"1545","Drain1RetiredAll","one",0.88,0.1,"Hen"
"1546","Drain1RetiredCT","one",1,0.1,"Hen"
"1547","Drain1RetiredNT","one",1,0.1,"Hen"
"1548","Drain2NT","one",1,0.1,"Hen"
"1549","Drain2Retired","one",1,0.1,"Hen"
"1550","Drain2RetiredAll","one",0.84,0.1,"Hen"
"1551","Drain2RetiredCT","one",1,0.1,"Hen"
"1552","Drain2RetiredNT","one",1,0.1,"Hen"
"1553","Drain3NT","one",0.96,0.1,"Hen"
"1554","Drain3Retired","one",1,0.1,"Hen"
"1555","Drain3RetiredAll","one",0.68,0.1,"Hen"
"1556","Drain3RetiredCT","one",1,0.1,"Hen"
"1557","Drain3RetiredNT","one",0.96,0.1,"Hen"
"1558","NoTillRetired","one",1,0.1,"Hen"
"1559","PlantDate01","one",1,0.1,"Hen"
"1560","PlantDate02","one",1,0.1,"Hen"
"1561","PlantDate03","one",1,0.1,"Hen"
"1562","PlantDate04","one",1,0.1,"Hen"
"1563","RetiredAll","one",0.92,0.1,"Hen"
"1564","RetiredPothole","one",1,0.1,"Hen"
"1565","Base","two",1,0.2,"Hen"
"1566","ConTillDrain01","two",1,0.2,"Hen"
"1567","ConTillDrain02","two",1,0.2,"Hen"
"1568","ConTillDrain03","two",0.96,0.2,"Hen"
"1569","ConTillRetired","two",1,0.2,"Hen"
"1570","CoverCrop","two",0.96,0.2,"Hen"
"1571","Drain0","two",1,0.2,"Hen"
"1572","Drain01","two",1,0.2,"Hen"
"1573","Drain02","two",1,0.2,"Hen"
"1574","Drain03","two",1,0.2,"Hen"
"1575","Drain0CT","two",1,0.2,"Hen"
"1576","Drain0NT","two",1,0.2,"Hen"
"1577","Drain1NT","two",1,0.2,"Hen"
"1578","Drain1Retired","two",1,0.2,"Hen"
"1579","Drain1RetiredAll","two",0.88,0.2,"Hen"
"1580","Drain1RetiredCT","two",1,0.2,"Hen"
"1581","Drain1RetiredNT","two",1,0.2,"Hen"
"1582","Drain2NT","two",1,0.2,"Hen"
"1583","Drain2Retired","two",1,0.2,"Hen"
"1584","Drain2RetiredAll","two",0.84,0.2,"Hen"
"1585","Drain2RetiredCT","two",1,0.2,"Hen"
"1586","Drain2RetiredNT","two",1,0.2,"Hen"
"1587","Drain3NT","two",0.96,0.2,"Hen"
"1588","Drain3Retired","two",1,0.2,"Hen"
"1589","Drain3RetiredAll","two",0.68,0.2,"Hen"
"1590","Drain3RetiredCT","two",0.96,0.2,"Hen"
"1591","Drain3RetiredNT","two",0.96,0.2,"Hen"
"1592","NoTillRetired","two",1,0.2,"Hen"
"1593","PlantDate01","two",1,0.2,"Hen"
"1594","PlantDate02","two",1,0.2,"Hen"
"1595","PlantDate03","two",1,0.2,"Hen"
"1596","PlantDate04","two",1,0.2,"Hen"
"1597","RetiredAll","two",0.92,0.2,"Hen"
"1598","RetiredPothole","two",1,0.2,"Hen"
"1599","Base","three",1,0.3,"Hen"
"1600","ConTillDrain01","three",1,0.3,"Hen"
"1601","ConTillDrain02","three",1,0.3,"Hen"
"1602","ConTillDrain03","three",0.92,0.3,"Hen"
"1603","ConTillRetired","three",1,0.3,"Hen"
"1604","CoverCrop","three",0.96,0.3,"Hen"
"1605","Drain0","three",1,0.3,"Hen"
"1606","Drain01","three",1,0.3,"Hen"
"1607","Drain02","three",1,0.3,"Hen"
"1608","Drain03","three",0.92,0.3,"Hen"
"1609","Drain0CT","three",1,0.3,"Hen"
"1610","Drain0NT","three",1,0.3,"Hen"
"1611","Drain1NT","three",1,0.3,"Hen"
"1612","Drain1Retired","three",1,0.3,"Hen"
"1613","Drain1RetiredAll","three",0.84,0.3,"Hen"
"1614","Drain1RetiredCT","three",1,0.3,"Hen"
"1615","Drain1RetiredNT","three",1,0.3,"Hen"
"1616","Drain2NT","three",0.96,0.3,"Hen"
"1617","Drain2Retired","three",1,0.3,"Hen"
"1618","Drain2RetiredAll","three",0.68,0.3,"Hen"
"1619","Drain2RetiredCT","three",1,0.3,"Hen"
"1620","Drain2RetiredNT","three",0.96,0.3,"Hen"
"1621","Drain3NT","three",0.92,0.3,"Hen"
"1622","Drain3Retired","three",0.92,0.3,"Hen"
"1623","Drain3RetiredAll","three",0.56,0.3,"Hen"
"1624","Drain3RetiredCT","three",0.92,0.3,"Hen"
"1625","Drain3RetiredNT","three",0.92,0.3,"Hen"
"1626","NoTillRetired","three",1,0.3,"Hen"
"1627","PlantDate01","three",1,0.3,"Hen"
"1628","PlantDate02","three",1,0.3,"Hen"
"1629","PlantDate03","three",1,0.3,"Hen"
"1630","PlantDate04","three",1,0.3,"Hen"
"1631","RetiredAll","three",0.88,0.3,"Hen"
"1632","RetiredPothole","three",1,0.3,"Hen"
"1633","Base","four",1,0.4,"Hen"
"1634","ConTillDrain01","four",1,0.4,"Hen"
"1635","ConTillDrain02","four",0.96,0.4,"Hen"
"1636","ConTillDrain03","four",0.88,0.4,"Hen"
"1637","ConTillRetired","four",1,0.4,"Hen"
"1638","CoverCrop","four",0.92,0.4,"Hen"
"1639","Drain0","four",1,0.4,"Hen"
"1640","Drain01","four",1,0.4,"Hen"
"1641","Drain02","four",1,0.4,"Hen"
"1642","Drain03","four",0.88,0.4,"Hen"
"1643","Drain0CT","four",1,0.4,"Hen"
"1644","Drain0NT","four",1,0.4,"Hen"
"1645","Drain1NT","four",1,0.4,"Hen"
"1646","Drain1Retired","four",1,0.4,"Hen"
"1647","Drain1RetiredAll","four",0.76,0.4,"Hen"
"1648","Drain1RetiredCT","four",1,0.4,"Hen"
"1649","Drain1RetiredNT","four",1,0.4,"Hen"
"1650","Drain2NT","four",0.96,0.4,"Hen"
"1651","Drain2Retired","four",1,0.4,"Hen"
"1652","Drain2RetiredAll","four",0.68,0.4,"Hen"
"1653","Drain2RetiredCT","four",0.96,0.4,"Hen"
"1654","Drain2RetiredNT","four",0.96,0.4,"Hen"
"1655","Drain3NT","four",0.84,0.4,"Hen"
"1656","Drain3Retired","four",0.88,0.4,"Hen"
"1657","Drain3RetiredAll","four",0.44,0.4,"Hen"
"1658","Drain3RetiredCT","four",0.88,0.4,"Hen"
"1659","Drain3RetiredNT","four",0.84,0.4,"Hen"
"1660","NoTillRetired","four",1,0.4,"Hen"
"1661","PlantDate01","four",1,0.4,"Hen"
"1662","PlantDate02","four",1,0.4,"Hen"
"1663","PlantDate03","four",1,0.4,"Hen"
"1664","PlantDate04","four",0.96,0.4,"Hen"
"1665","RetiredAll","four",0.88,0.4,"Hen"
"1666","RetiredPothole","four",1,0.4,"Hen"
"1667","Base","five",1,0.5,"Hen"
"1668","ConTillDrain01","five",0.96,0.5,"Hen"
"1669","ConTillDrain02","five",0.88,0.5,"Hen"
"1670","ConTillDrain03","five",0.84,0.5,"Hen"
"1671","ConTillRetired","five",1,0.5,"Hen"
"1672","CoverCrop","five",0.88,0.5,"Hen"
"1673","Drain0","five",1,0.5,"Hen"
"1674","Drain01","five",0.96,0.5,"Hen"
"1675","Drain02","five",0.88,0.5,"Hen"
"1676","Drain03","five",0.88,0.5,"Hen"
"1677","Drain0CT","five",1,0.5,"Hen"
"1678","Drain0NT","five",1,0.5,"Hen"
"1679","Drain1NT","five",0.96,0.5,"Hen"
"1680","Drain1Retired","five",0.96,0.5,"Hen"
"1681","Drain1RetiredAll","five",0.6,0.5,"Hen"
"1682","Drain1RetiredCT","five",0.96,0.5,"Hen"
"1683","Drain1RetiredNT","five",0.96,0.5,"Hen"
"1684","Drain2NT","five",0.88,0.5,"Hen"
"1685","Drain2Retired","five",0.88,0.5,"Hen"
"1686","Drain2RetiredAll","five",0.44,0.5,"Hen"
"1687","Drain2RetiredCT","five",0.88,0.5,"Hen"
"1688","Drain2RetiredNT","five",0.88,0.5,"Hen"
"1689","Drain3NT","five",0.84,0.5,"Hen"
"1690","Drain3Retired","five",0.88,0.5,"Hen"
"1691","Drain3RetiredAll","five",0.36,0.5,"Hen"
"1692","Drain3RetiredCT","five",0.84,0.5,"Hen"
"1693","Drain3RetiredNT","five",0.84,0.5,"Hen"
"1694","NoTillRetired","five",1,0.5,"Hen"
"1695","PlantDate01","five",1,0.5,"Hen"
"1696","PlantDate02","five",0.96,0.5,"Hen"
"1697","PlantDate03","five",0.96,0.5,"Hen"
"1698","PlantDate04","five",0.92,0.5,"Hen"
"1699","RetiredAll","five",0.8,0.5,"Hen"
"1700","RetiredPothole","five",1,0.5,"Hen"
"1701","Base","six",0.88,0.6,"Hen"
"1702","ConTillDrain01","six",0.88,0.6,"Hen"
"1703","ConTillDrain02","six",0.84,0.6,"Hen"
"1704","ConTillDrain03","six",0.8,0.6,"Hen"
"1705","ConTillRetired","six",0.96,0.6,"Hen"
"1706","CoverCrop","six",0.68,0.6,"Hen"
"1707","Drain0","six",0.96,0.6,"Hen"
"1708","Drain01","six",0.88,0.6,"Hen"
"1709","Drain02","six",0.84,0.6,"Hen"
"1710","Drain03","six",0.8,0.6,"Hen"
"1711","Drain0CT","six",0.96,0.6,"Hen"
"1712","Drain0NT","six",0.96,0.6,"Hen"
"1713","Drain1NT","six",0.84,0.6,"Hen"
"1714","Drain1Retired","six",0.88,0.6,"Hen"
"1715","Drain1RetiredAll","six",0.4,0.6,"Hen"
"1716","Drain1RetiredCT","six",0.88,0.6,"Hen"
"1717","Drain1RetiredNT","six",0.84,0.6,"Hen"
"1718","Drain2NT","six",0.84,0.6,"Hen"
"1719","Drain2Retired","six",0.84,0.6,"Hen"
"1720","Drain2RetiredAll","six",0.32,0.6,"Hen"
"1721","Drain2RetiredCT","six",0.84,0.6,"Hen"
"1722","Drain2RetiredNT","six",0.84,0.6,"Hen"
"1723","Drain3NT","six",0.72,0.6,"Hen"
"1724","Drain3Retired","six",0.8,0.6,"Hen"
"1725","Drain3RetiredAll","six",0.32,0.6,"Hen"
"1726","Drain3RetiredCT","six",0.8,0.6,"Hen"
"1727","Drain3RetiredNT","six",0.72,0.6,"Hen"
"1728","NoTillRetired","six",0.96,0.6,"Hen"
"1729","PlantDate01","six",0.88,0.6,"Hen"
"1730","PlantDate02","six",0.88,0.6,"Hen"
"1731","PlantDate03","six",0.88,0.6,"Hen"
"1732","PlantDate04","six",0.84,0.6,"Hen"
"1733","RetiredAll","six",0.56,0.6,"Hen"
"1734","RetiredPothole","six",0.96,0.6,"Hen"
"1735","Base","seven",0.84,0.7,"Hen"
"1736","ConTillDrain01","seven",0.8,0.7,"Hen"
"1737","ConTillDrain02","seven",0.72,0.7,"Hen"
"1738","ConTillDrain03","seven",0.68,0.7,"Hen"
"1739","ConTillRetired","seven",0.88,0.7,"Hen"
"1740","CoverCrop","seven",0.6,0.7,"Hen"
"1741","Drain0","seven",0.88,0.7,"Hen"
"1742","Drain01","seven",0.8,0.7,"Hen"
"1743","Drain02","seven",0.72,0.7,"Hen"
"1744","Drain03","seven",0.68,0.7,"Hen"
"1745","Drain0CT","seven",0.88,0.7,"Hen"
"1746","Drain0NT","seven",0.88,0.7,"Hen"
"1747","Drain1NT","seven",0.76,0.7,"Hen"
"1748","Drain1Retired","seven",0.8,0.7,"Hen"
"1749","Drain1RetiredAll","seven",0.32,0.7,"Hen"
"1750","Drain1RetiredCT","seven",0.8,0.7,"Hen"
"1751","Drain1RetiredNT","seven",0.76,0.7,"Hen"
"1752","Drain2NT","seven",0.72,0.7,"Hen"
"1753","Drain2Retired","seven",0.72,0.7,"Hen"
"1754","Drain2RetiredAll","seven",0.32,0.7,"Hen"
"1755","Drain2RetiredCT","seven",0.72,0.7,"Hen"
"1756","Drain2RetiredNT","seven",0.72,0.7,"Hen"
"1757","Drain3NT","seven",0.56,0.7,"Hen"
"1758","Drain3Retired","seven",0.68,0.7,"Hen"
"1759","Drain3RetiredAll","seven",0.24,0.7,"Hen"
"1760","Drain3RetiredCT","seven",0.68,0.7,"Hen"
"1761","Drain3RetiredNT","seven",0.56,0.7,"Hen"
"1762","NoTillRetired","seven",0.88,0.7,"Hen"
"1763","PlantDate01","seven",0.84,0.7,"Hen"
"1764","PlantDate02","seven",0.72,0.7,"Hen"
"1765","PlantDate03","seven",0.76,0.7,"Hen"
"1766","PlantDate04","seven",0.76,0.7,"Hen"
"1767","RetiredAll","seven",0.4,0.7,"Hen"
"1768","RetiredPothole","seven",0.88,0.7,"Hen"
"1769","Base","eight",0.68,0.8,"Hen"
"1770","ConTillDrain01","eight",0.64,0.8,"Hen"
"1771","ConTillDrain02","eight",0.52,0.8,"Hen"
"1772","ConTillDrain03","eight",0.48,0.8,"Hen"
"1773","ConTillRetired","eight",0.72,0.8,"Hen"
"1774","CoverCrop","eight",0.4,0.8,"Hen"
"1775","Drain0","eight",0.72,0.8,"Hen"
"1776","Drain01","eight",0.6,0.8,"Hen"
"1777","Drain02","eight",0.56,0.8,"Hen"
"1778","Drain03","eight",0.48,0.8,"Hen"
"1779","Drain0CT","eight",0.72,0.8,"Hen"
"1780","Drain0NT","eight",0.64,0.8,"Hen"
"1781","Drain1NT","eight",0.56,0.8,"Hen"
"1782","Drain1Retired","eight",0.6,0.8,"Hen"
"1783","Drain1RetiredAll","eight",0.24,0.8,"Hen"
"1784","Drain1RetiredCT","eight",0.64,0.8,"Hen"
"1785","Drain1RetiredNT","eight",0.56,0.8,"Hen"
"1786","Drain2NT","eight",0.4,0.8,"Hen"
"1787","Drain2Retired","eight",0.56,0.8,"Hen"
"1788","Drain2RetiredAll","eight",0.2,0.8,"Hen"
"1789","Drain2RetiredCT","eight",0.52,0.8,"Hen"
"1790","Drain2RetiredNT","eight",0.4,0.8,"Hen"
"1791","Drain3NT","eight",0.36,0.8,"Hen"
"1792","Drain3Retired","eight",0.48,0.8,"Hen"
"1793","Drain3RetiredAll","eight",0.16,0.8,"Hen"
"1794","Drain3RetiredCT","eight",0.48,0.8,"Hen"
"1795","Drain3RetiredNT","eight",0.36,0.8,"Hen"
"1796","NoTillRetired","eight",0.64,0.8,"Hen"
"1797","PlantDate01","eight",0.72,0.8,"Hen"
"1798","PlantDate02","eight",0.64,0.8,"Hen"
"1799","PlantDate03","eight",0.64,0.8,"Hen"
"1800","PlantDate04","eight",0.48,0.8,"Hen"
"1801","RetiredAll","eight",0.32,0.8,"Hen"
"1802","RetiredPothole","eight",0.72,0.8,"Hen"
"1803","Base","nine",0.44,0.9,"Hen"
"1804","ConTillDrain01","nine",0.4,0.9,"Hen"
"1805","ConTillDrain02","nine",0.4,0.9,"Hen"
"1806","ConTillDrain03","nine",0.28,0.9,"Hen"
"1807","ConTillRetired","nine",0.48,0.9,"Hen"
"1808","CoverCrop","nine",0.28,0.9,"Hen"
"1809","Drain0","nine",0.52,0.9,"Hen"
"1810","Drain01","nine",0.44,0.9,"Hen"
"1811","Drain02","nine",0.4,0.9,"Hen"
"1812","Drain03","nine",0.32,0.9,"Hen"
"1813","Drain0CT","nine",0.48,0.9,"Hen"
"1814","Drain0NT","nine",0.36,0.9,"Hen"
"1815","Drain1NT","nine",0.36,0.9,"Hen"
"1816","Drain1Retired","nine",0.44,0.9,"Hen"
"1817","Drain1RetiredAll","nine",0.16,0.9,"Hen"
"1818","Drain1RetiredCT","nine",0.4,0.9,"Hen"
"1819","Drain1RetiredNT","nine",0.36,0.9,"Hen"
"1820","Drain2NT","nine",0.36,0.9,"Hen"
"1821","Drain2Retired","nine",0.4,0.9,"Hen"
"1822","Drain2RetiredAll","nine",0.08,0.9,"Hen"
"1823","Drain2RetiredCT","nine",0.4,0.9,"Hen"
"1824","Drain2RetiredNT","nine",0.36,0.9,"Hen"
"1825","Drain3NT","nine",0.32,0.9,"Hen"
"1826","Drain3Retired","nine",0.28,0.9,"Hen"
"1827","Drain3RetiredAll","nine",0.08,0.9,"Hen"
"1828","Drain3RetiredCT","nine",0.28,0.9,"Hen"
"1829","Drain3RetiredNT","nine",0.32,0.9,"Hen"
"1830","NoTillRetired","nine",0.36,0.9,"Hen"
"1831","PlantDate01","nine",0.44,0.9,"Hen"
"1832","PlantDate02","nine",0.44,0.9,"Hen"
"1833","PlantDate03","nine",0.36,0.9,"Hen"
"1834","PlantDate04","nine",0.32,0.9,"Hen"
"1835","RetiredAll","nine",0.16,0.9,"Hen"
"1836","RetiredPothole","nine",0.52,0.9,"Hen"
"1837","Base","ten",0.16,1,"Hen"
"1838","ConTillDrain01","ten",0.16,1,"Hen"
"1839","ConTillDrain02","ten",0.16,1,"Hen"
"1840","ConTillDrain03","ten",0.16,1,"Hen"
"1841","ConTillRetired","ten",0.36,1,"Hen"
"1842","CoverCrop","ten",0.16,1,"Hen"
"1843","Drain0","ten",0.32,1,"Hen"
"1844","Drain01","ten",0.16,1,"Hen"
"1845","Drain02","ten",0.16,1,"Hen"
"1846","Drain03","ten",0.16,1,"Hen"
"1847","Drain0CT","ten",0.36,1,"Hen"
"1848","Drain0NT","ten",0.28,1,"Hen"
"1849","Drain1NT","ten",0.2,1,"Hen"
"1850","Drain1Retired","ten",0.16,1,"Hen"
"1851","Drain1RetiredAll","ten",0.04,1,"Hen"
"1852","Drain1RetiredCT","ten",0.16,1,"Hen"
"1853","Drain1RetiredNT","ten",0.2,1,"Hen"
"1854","Drain2NT","ten",0.12,1,"Hen"
"1855","Drain2Retired","ten",0.16,1,"Hen"
"1856","Drain2RetiredAll","ten",0.04,1,"Hen"
"1857","Drain2RetiredCT","ten",0.16,1,"Hen"
"1858","Drain2RetiredNT","ten",0.12,1,"Hen"
"1859","Drain3NT","ten",0.08,1,"Hen"
"1860","Drain3Retired","ten",0.16,1,"Hen"
"1861","Drain3RetiredAll","ten",0.04,1,"Hen"
"1862","Drain3RetiredCT","ten",0.16,1,"Hen"
"1863","Drain3RetiredNT","ten",0.08,1,"Hen"
"1864","NoTillRetired","ten",0.28,1,"Hen"
"1865","PlantDate01","ten",0.16,1,"Hen"
"1866","PlantDate02","ten",0.2,1,"Hen"
"1867","PlantDate03","ten",0.2,1,"Hen"
"1868","PlantDate04","ten",0.2,1,"Hen"
"1869","RetiredAll","ten",0.04,1,"Hen"
"1870","RetiredPothole","ten",0.32,1,"Hen"
"1871","Base","zero",1,0,"Mouth"
"1872","ConTillDrain01","zero",1,0,"Mouth"
"1873","ConTillDrain02","zero",1,0,"Mouth"
"1874","ConTillDrain03","zero",1,0,"Mouth"
"1875","ConTillRetired","zero",1,0,"Mouth"
"1876","CoverCrop","zero",1,0,"Mouth"
"1877","Drain0","zero",1,0,"Mouth"
"1878","Drain01","zero",1,0,"Mouth"
"1879","Drain02","zero",1,0,"Mouth"
"1880","Drain03","zero",1,0,"Mouth"
"1881","Drain0CT","zero",1,0,"Mouth"
"1882","Drain0NT","zero",1,0,"Mouth"
"1883","Drain1NT","zero",1,0,"Mouth"
"1884","Drain1Retired","zero",1,0,"Mouth"
"1885","Drain1RetiredAll","zero",1,0,"Mouth"
"1886","Drain1RetiredCT","zero",1,0,"Mouth"
"1887","Drain1RetiredNT","zero",1,0,"Mouth"
"1888","Drain2NT","zero",1,0,"Mouth"
"1889","Drain2Retired","zero",1,0,"Mouth"
"1890","Drain2RetiredAll","zero",1,0,"Mouth"
"1891","Drain2RetiredCT","zero",1,0,"Mouth"
"1892","Drain2RetiredNT","zero",1,0,"Mouth"
"1893","Drain3NT","zero",1,0,"Mouth"
"1894","Drain3Retired","zero",1,0,"Mouth"
"1895","Drain3RetiredAll","zero",1,0,"Mouth"
"1896","Drain3RetiredCT","zero",1,0,"Mouth"
"1897","Drain3RetiredNT","zero",1,0,"Mouth"
"1898","NoTillRetired","zero",1,0,"Mouth"
"1899","PlantDate01","zero",1,0,"Mouth"
"1900","PlantDate02","zero",1,0,"Mouth"
"1901","PlantDate03","zero",1,0,"Mouth"
"1902","PlantDate04","zero",1,0,"Mouth"
"1903","RetiredAll","zero",1,0,"Mouth"
"1904","RetiredPothole","zero",1,0,"Mouth"
"1905","Base","one",1,0.1,"Mouth"
"1906","ConTillDrain01","one",1,0.1,"Mouth"
"1907","ConTillDrain02","one",0.96,0.1,"Mouth"
"1908","ConTillDrain03","one",0.88,0.1,"Mouth"
"1909","ConTillRetired","one",1,0.1,"Mouth"
"1910","CoverCrop","one",0.92,0.1,"Mouth"
"1911","Drain0","one",1,0.1,"Mouth"
"1912","Drain01","one",1,0.1,"Mouth"
"1913","Drain02","one",0.96,0.1,"Mouth"
"1914","Drain03","one",0.88,0.1,"Mouth"
"1915","Drain0CT","one",1,0.1,"Mouth"
"1916","Drain0NT","one",1,0.1,"Mouth"
"1917","Drain1NT","one",1,0.1,"Mouth"
"1918","Drain1Retired","one",0.96,0.1,"Mouth"
"1919","Drain1RetiredAll","one",0.72,0.1,"Mouth"
"1920","Drain1RetiredCT","one",1,0.1,"Mouth"
"1921","Drain1RetiredNT","one",1,0.1,"Mouth"
"1922","Drain2NT","one",0.92,0.1,"Mouth"
"1923","Drain2Retired","one",0.88,0.1,"Mouth"
"1924","Drain2RetiredAll","one",0.64,0.1,"Mouth"
"1925","Drain2RetiredCT","one",0.92,0.1,"Mouth"
"1926","Drain2RetiredNT","one",0.92,0.1,"Mouth"
"1927","Drain3NT","one",0.84,0.1,"Mouth"
"1928","Drain3Retired","one",0.8,0.1,"Mouth"
"1929","Drain3RetiredAll","one",0.44,0.1,"Mouth"
"1930","Drain3RetiredCT","one",0.84,0.1,"Mouth"
"1931","Drain3RetiredNT","one",0.76,0.1,"Mouth"
"1932","NoTillRetired","one",1,0.1,"Mouth"
"1933","PlantDate01","one",0.96,0.1,"Mouth"
"1934","PlantDate02","one",1,0.1,"Mouth"
"1935","PlantDate03","one",1,0.1,"Mouth"
"1936","PlantDate04","one",0.96,0.1,"Mouth"
"1937","RetiredAll","one",0.76,0.1,"Mouth"
"1938","RetiredPothole","one",1,0.1,"Mouth"
"1939","Base","two",1,0.2,"Mouth"
"1940","ConTillDrain01","two",1,0.2,"Mouth"
"1941","ConTillDrain02","two",0.96,0.2,"Mouth"
"1942","ConTillDrain03","two",0.88,0.2,"Mouth"
"1943","ConTillRetired","two",1,0.2,"Mouth"
"1944","CoverCrop","two",0.92,0.2,"Mouth"
"1945","Drain0","two",1,0.2,"Mouth"
"1946","Drain01","two",1,0.2,"Mouth"
"1947","Drain02","two",0.96,0.2,"Mouth"
"1948","Drain03","two",0.84,0.2,"Mouth"
"1949","Drain0CT","two",1,0.2,"Mouth"
"1950","Drain0NT","two",1,0.2,"Mouth"
"1951","Drain1NT","two",1,0.2,"Mouth"
"1952","Drain1Retired","two",0.92,0.2,"Mouth"
"1953","Drain1RetiredAll","two",0.72,0.2,"Mouth"
"1954","Drain1RetiredCT","two",1,0.2,"Mouth"
"1955","Drain1RetiredNT","two",0.96,0.2,"Mouth"
"1956","Drain2NT","two",0.92,0.2,"Mouth"
"1957","Drain2Retired","two",0.88,0.2,"Mouth"
"1958","Drain2RetiredAll","two",0.64,0.2,"Mouth"
"1959","Drain2RetiredCT","two",0.92,0.2,"Mouth"
"1960","Drain2RetiredNT","two",0.92,0.2,"Mouth"
"1961","Drain3NT","two",0.84,0.2,"Mouth"
"1962","Drain3Retired","two",0.8,0.2,"Mouth"
"1963","Drain3RetiredAll","two",0.44,0.2,"Mouth"
"1964","Drain3RetiredCT","two",0.84,0.2,"Mouth"
"1965","Drain3RetiredNT","two",0.76,0.2,"Mouth"
"1966","NoTillRetired","two",1,0.2,"Mouth"
"1967","PlantDate01","two",0.96,0.2,"Mouth"
"1968","PlantDate02","two",1,0.2,"Mouth"
"1969","PlantDate03","two",0.96,0.2,"Mouth"
"1970","PlantDate04","two",0.96,0.2,"Mouth"
"1971","RetiredAll","two",0.76,0.2,"Mouth"
"1972","RetiredPothole","two",1,0.2,"Mouth"
"1973","Base","three",1,0.3,"Mouth"
"1974","ConTillDrain01","three",1,0.3,"Mouth"
"1975","ConTillDrain02","three",0.96,0.3,"Mouth"
"1976","ConTillDrain03","three",0.84,0.3,"Mouth"
"1977","ConTillRetired","three",1,0.3,"Mouth"
"1978","CoverCrop","three",0.92,0.3,"Mouth"
"1979","Drain0","three",1,0.3,"Mouth"
"1980","Drain01","three",1,0.3,"Mouth"
"1981","Drain02","three",0.96,0.3,"Mouth"
"1982","Drain03","three",0.84,0.3,"Mouth"
"1983","Drain0CT","three",1,0.3,"Mouth"
"1984","Drain0NT","three",1,0.3,"Mouth"
"1985","Drain1NT","three",1,0.3,"Mouth"
"1986","Drain1Retired","three",0.92,0.3,"Mouth"
"1987","Drain1RetiredAll","three",0.68,0.3,"Mouth"
"1988","Drain1RetiredCT","three",1,0.3,"Mouth"
"1989","Drain1RetiredNT","three",0.96,0.3,"Mouth"
"1990","Drain2NT","three",0.92,0.3,"Mouth"
"1991","Drain2Retired","three",0.88,0.3,"Mouth"
"1992","Drain2RetiredAll","three",0.6,0.3,"Mouth"
"1993","Drain2RetiredCT","three",0.92,0.3,"Mouth"
"1994","Drain2RetiredNT","three",0.88,0.3,"Mouth"
"1995","Drain3NT","three",0.84,0.3,"Mouth"
"1996","Drain3Retired","three",0.8,0.3,"Mouth"
"1997","Drain3RetiredAll","three",0.44,0.3,"Mouth"
"1998","Drain3RetiredCT","three",0.84,0.3,"Mouth"
"1999","Drain3RetiredNT","three",0.76,0.3,"Mouth"
"2000","NoTillRetired","three",0.96,0.3,"Mouth"
"2001","PlantDate01","three",0.96,0.3,"Mouth"
"2002","PlantDate02","three",1,0.3,"Mouth"
"2003","PlantDate03","three",0.96,0.3,"Mouth"
"2004","PlantDate04","three",0.96,0.3,"Mouth"
"2005","RetiredAll","three",0.72,0.3,"Mouth"
"2006","RetiredPothole","three",1,0.3,"Mouth"
"2007","Base","four",0.96,0.4,"Mouth"
"2008","ConTillDrain01","four",1,0.4,"Mouth"
"2009","ConTillDrain02","four",0.92,0.4,"Mouth"
"2010","ConTillDrain03","four",0.84,0.4,"Mouth"
"2011","ConTillRetired","four",1,0.4,"Mouth"
"2012","CoverCrop","four",0.92,0.4,"Mouth"
"2013","Drain0","four",1,0.4,"Mouth"
"2014","Drain01","four",1,0.4,"Mouth"
"2015","Drain02","four",0.96,0.4,"Mouth"
"2016","Drain03","four",0.84,0.4,"Mouth"
"2017","Drain0CT","four",1,0.4,"Mouth"
"2018","Drain0NT","four",1,0.4,"Mouth"
"2019","Drain1NT","four",1,0.4,"Mouth"
"2020","Drain1Retired","four",0.92,0.4,"Mouth"
"2021","Drain1RetiredAll","four",0.64,0.4,"Mouth"
"2022","Drain1RetiredCT","four",0.92,0.4,"Mouth"
"2023","Drain1RetiredNT","four",0.96,0.4,"Mouth"
"2024","Drain2NT","four",0.92,0.4,"Mouth"
"2025","Drain2Retired","four",0.84,0.4,"Mouth"
"2026","Drain2RetiredAll","four",0.56,0.4,"Mouth"
"2027","Drain2RetiredCT","four",0.84,0.4,"Mouth"
"2028","Drain2RetiredNT","four",0.8,0.4,"Mouth"
"2029","Drain3NT","four",0.8,0.4,"Mouth"
"2030","Drain3Retired","four",0.76,0.4,"Mouth"
"2031","Drain3RetiredAll","four",0.4,0.4,"Mouth"
"2032","Drain3RetiredCT","four",0.8,0.4,"Mouth"
"2033","Drain3RetiredNT","four",0.76,0.4,"Mouth"
"2034","NoTillRetired","four",0.96,0.4,"Mouth"
"2035","PlantDate01","four",0.96,0.4,"Mouth"
"2036","PlantDate02","four",0.96,0.4,"Mouth"
"2037","PlantDate03","four",0.96,0.4,"Mouth"
"2038","PlantDate04","four",0.92,0.4,"Mouth"
"2039","RetiredAll","four",0.68,0.4,"Mouth"
"2040","RetiredPothole","four",0.96,0.4,"Mouth"
"2041","Base","five",0.92,0.5,"Mouth"
"2042","ConTillDrain01","five",0.96,0.5,"Mouth"
"2043","ConTillDrain02","five",0.92,0.5,"Mouth"
"2044","ConTillDrain03","five",0.84,0.5,"Mouth"
"2045","ConTillRetired","five",0.92,0.5,"Mouth"
"2046","CoverCrop","five",0.88,0.5,"Mouth"
"2047","Drain0","five",1,0.5,"Mouth"
"2048","Drain01","five",0.96,0.5,"Mouth"
"2049","Drain02","five",0.92,0.5,"Mouth"
"2050","Drain03","five",0.84,0.5,"Mouth"
"2051","Drain0CT","five",1,0.5,"Mouth"
"2052","Drain0NT","five",1,0.5,"Mouth"
"2053","Drain1NT","five",0.92,0.5,"Mouth"
"2054","Drain1Retired","five",0.88,0.5,"Mouth"
"2055","Drain1RetiredAll","five",0.64,0.5,"Mouth"
"2056","Drain1RetiredCT","five",0.92,0.5,"Mouth"
"2057","Drain1RetiredNT","five",0.92,0.5,"Mouth"
"2058","Drain2NT","five",0.92,0.5,"Mouth"
"2059","Drain2Retired","five",0.84,0.5,"Mouth"
"2060","Drain2RetiredAll","five",0.48,0.5,"Mouth"
"2061","Drain2RetiredCT","five",0.84,0.5,"Mouth"
"2062","Drain2RetiredNT","five",0.76,0.5,"Mouth"
"2063","Drain3NT","five",0.76,0.5,"Mouth"
"2064","Drain3Retired","five",0.72,0.5,"Mouth"
"2065","Drain3RetiredAll","five",0.4,0.5,"Mouth"
"2066","Drain3RetiredCT","five",0.72,0.5,"Mouth"
"2067","Drain3RetiredNT","five",0.76,0.5,"Mouth"
"2068","NoTillRetired","five",0.96,0.5,"Mouth"
"2069","PlantDate01","five",0.96,0.5,"Mouth"
"2070","PlantDate02","five",0.92,0.5,"Mouth"
"2071","PlantDate03","five",0.92,0.5,"Mouth"
"2072","PlantDate04","five",0.92,0.5,"Mouth"
"2073","RetiredAll","five",0.64,0.5,"Mouth"
"2074","RetiredPothole","five",0.92,0.5,"Mouth"
"2075","Base","six",0.92,0.6,"Mouth"
"2076","ConTillDrain01","six",0.96,0.6,"Mouth"
"2077","ConTillDrain02","six",0.84,0.6,"Mouth"
"2078","ConTillDrain03","six",0.84,0.6,"Mouth"
"2079","ConTillRetired","six",0.92,0.6,"Mouth"
"2080","CoverCrop","six",0.84,0.6,"Mouth"
"2081","Drain0","six",0.96,0.6,"Mouth"
"2082","Drain01","six",0.96,0.6,"Mouth"
"2083","Drain02","six",0.84,0.6,"Mouth"
"2084","Drain03","six",0.84,0.6,"Mouth"
"2085","Drain0CT","six",0.96,0.6,"Mouth"
"2086","Drain0NT","six",0.92,0.6,"Mouth"
"2087","Drain1NT","six",0.92,0.6,"Mouth"
"2088","Drain1Retired","six",0.84,0.6,"Mouth"
"2089","Drain1RetiredAll","six",0.6,0.6,"Mouth"
"2090","Drain1RetiredCT","six",0.84,0.6,"Mouth"
"2091","Drain1RetiredNT","six",0.8,0.6,"Mouth"
"2092","Drain2NT","six",0.84,0.6,"Mouth"
"2093","Drain2Retired","six",0.8,0.6,"Mouth"
"2094","Drain2RetiredAll","six",0.44,0.6,"Mouth"
"2095","Drain2RetiredCT","six",0.84,0.6,"Mouth"
"2096","Drain2RetiredNT","six",0.76,0.6,"Mouth"
"2097","Drain3NT","six",0.76,0.6,"Mouth"
"2098","Drain3Retired","six",0.68,0.6,"Mouth"
"2099","Drain3RetiredAll","six",0.4,0.6,"Mouth"
"2100","Drain3RetiredCT","six",0.72,0.6,"Mouth"
"2101","Drain3RetiredNT","six",0.64,0.6,"Mouth"
"2102","NoTillRetired","six",0.88,0.6,"Mouth"
"2103","PlantDate01","six",0.92,0.6,"Mouth"
"2104","PlantDate02","six",0.92,0.6,"Mouth"
"2105","PlantDate03","six",0.92,0.6,"Mouth"
"2106","PlantDate04","six",0.88,0.6,"Mouth"
"2107","RetiredAll","six",0.64,0.6,"Mouth"
"2108","RetiredPothole","six",0.92,0.6,"Mouth"
"2109","Base","seven",0.84,0.7,"Mouth"
"2110","ConTillDrain01","seven",0.92,0.7,"Mouth"
"2111","ConTillDrain02","seven",0.84,0.7,"Mouth"
"2112","ConTillDrain03","seven",0.72,0.7,"Mouth"
"2113","ConTillRetired","seven",0.84,0.7,"Mouth"
"2114","CoverCrop","seven",0.8,0.7,"Mouth"
"2115","Drain0","seven",0.96,0.7,"Mouth"
"2116","Drain01","seven",0.92,0.7,"Mouth"
"2117","Drain02","seven",0.84,0.7,"Mouth"
"2118","Drain03","seven",0.72,0.7,"Mouth"
"2119","Drain0CT","seven",0.92,0.7,"Mouth"
"2120","Drain0NT","seven",0.92,0.7,"Mouth"
"2121","Drain1NT","seven",0.92,0.7,"Mouth"
"2122","Drain1Retired","seven",0.84,0.7,"Mouth"
"2123","Drain1RetiredAll","seven",0.44,0.7,"Mouth"
"2124","Drain1RetiredCT","seven",0.84,0.7,"Mouth"
"2125","Drain1RetiredNT","seven",0.76,0.7,"Mouth"
"2126","Drain2NT","seven",0.8,0.7,"Mouth"
"2127","Drain2Retired","seven",0.72,0.7,"Mouth"
"2128","Drain2RetiredAll","seven",0.4,0.7,"Mouth"
"2129","Drain2RetiredCT","seven",0.8,0.7,"Mouth"
"2130","Drain2RetiredNT","seven",0.76,0.7,"Mouth"
"2131","Drain3NT","seven",0.76,0.7,"Mouth"
"2132","Drain3Retired","seven",0.68,0.7,"Mouth"
"2133","Drain3RetiredAll","seven",0.32,0.7,"Mouth"
"2134","Drain3RetiredCT","seven",0.68,0.7,"Mouth"
"2135","Drain3RetiredNT","seven",0.6,0.7,"Mouth"
"2136","NoTillRetired","seven",0.8,0.7,"Mouth"
"2137","PlantDate01","seven",0.88,0.7,"Mouth"
"2138","PlantDate02","seven",0.84,0.7,"Mouth"
"2139","PlantDate03","seven",0.88,0.7,"Mouth"
"2140","PlantDate04","seven",0.88,0.7,"Mouth"
"2141","RetiredAll","seven",0.52,0.7,"Mouth"
"2142","RetiredPothole","seven",0.84,0.7,"Mouth"
"2143","Base","eight",0.84,0.8,"Mouth"
"2144","ConTillDrain01","eight",0.84,0.8,"Mouth"
"2145","ConTillDrain02","eight",0.84,0.8,"Mouth"
"2146","ConTillDrain03","eight",0.68,0.8,"Mouth"
"2147","ConTillRetired","eight",0.84,0.8,"Mouth"
"2148","CoverCrop","eight",0.76,0.8,"Mouth"
"2149","Drain0","eight",0.84,0.8,"Mouth"
"2150","Drain01","eight",0.84,0.8,"Mouth"
"2151","Drain02","eight",0.84,0.8,"Mouth"
"2152","Drain03","eight",0.72,0.8,"Mouth"
"2153","Drain0CT","eight",0.88,0.8,"Mouth"
"2154","Drain0NT","eight",0.84,0.8,"Mouth"
"2155","Drain1NT","eight",0.84,0.8,"Mouth"
"2156","Drain1Retired","eight",0.8,0.8,"Mouth"
"2157","Drain1RetiredAll","eight",0.44,0.8,"Mouth"
"2158","Drain1RetiredCT","eight",0.84,0.8,"Mouth"
"2159","Drain1RetiredNT","eight",0.76,0.8,"Mouth"
"2160","Drain2NT","eight",0.76,0.8,"Mouth"
"2161","Drain2Retired","eight",0.68,0.8,"Mouth"
"2162","Drain2RetiredAll","eight",0.4,0.8,"Mouth"
"2163","Drain2RetiredCT","eight",0.72,0.8,"Mouth"
"2164","Drain2RetiredNT","eight",0.72,0.8,"Mouth"
"2165","Drain3NT","eight",0.72,0.8,"Mouth"
"2166","Drain3Retired","eight",0.64,0.8,"Mouth"
"2167","Drain3RetiredAll","eight",0.28,0.8,"Mouth"
"2168","Drain3RetiredCT","eight",0.68,0.8,"Mouth"
"2169","Drain3RetiredNT","eight",0.56,0.8,"Mouth"
"2170","NoTillRetired","eight",0.76,0.8,"Mouth"
"2171","PlantDate01","eight",0.84,0.8,"Mouth"
"2172","PlantDate02","eight",0.8,0.8,"Mouth"
"2173","PlantDate03","eight",0.84,0.8,"Mouth"
"2174","PlantDate04","eight",0.88,0.8,"Mouth"
"2175","RetiredAll","eight",0.44,0.8,"Mouth"
"2176","RetiredPothole","eight",0.84,0.8,"Mouth"
"2177","Base","nine",0.8,0.9,"Mouth"
"2178","ConTillDrain01","nine",0.84,0.9,"Mouth"
"2179","ConTillDrain02","nine",0.76,0.9,"Mouth"
"2180","ConTillDrain03","nine",0.68,0.9,"Mouth"
"2181","ConTillRetired","nine",0.8,0.9,"Mouth"
"2182","CoverCrop","nine",0.68,0.9,"Mouth"
"2183","Drain0","nine",0.84,0.9,"Mouth"
"2184","Drain01","nine",0.84,0.9,"Mouth"
"2185","Drain02","nine",0.76,0.9,"Mouth"
"2186","Drain03","nine",0.68,0.9,"Mouth"
"2187","Drain0CT","nine",0.84,0.9,"Mouth"
"2188","Drain0NT","nine",0.8,0.9,"Mouth"
"2189","Drain1NT","nine",0.76,0.9,"Mouth"
"2190","Drain1Retired","nine",0.72,0.9,"Mouth"
"2191","Drain1RetiredAll","nine",0.4,0.9,"Mouth"
"2192","Drain1RetiredCT","nine",0.72,0.9,"Mouth"
"2193","Drain1RetiredNT","nine",0.76,0.9,"Mouth"
"2194","Drain2NT","nine",0.76,0.9,"Mouth"
"2195","Drain2Retired","nine",0.68,0.9,"Mouth"
"2196","Drain2RetiredAll","nine",0.36,0.9,"Mouth"
"2197","Drain2RetiredCT","nine",0.68,0.9,"Mouth"
"2198","Drain2RetiredNT","nine",0.64,0.9,"Mouth"
"2199","Drain3NT","nine",0.56,0.9,"Mouth"
"2200","Drain3Retired","nine",0.56,0.9,"Mouth"
"2201","Drain3RetiredAll","nine",0.24,0.9,"Mouth"
"2202","Drain3RetiredCT","nine",0.64,0.9,"Mouth"
"2203","Drain3RetiredNT","nine",0.56,0.9,"Mouth"
"2204","NoTillRetired","nine",0.76,0.9,"Mouth"
"2205","PlantDate01","nine",0.84,0.9,"Mouth"
"2206","PlantDate02","nine",0.76,0.9,"Mouth"
"2207","PlantDate03","nine",0.8,0.9,"Mouth"
"2208","PlantDate04","nine",0.8,0.9,"Mouth"
"2209","RetiredAll","nine",0.4,0.9,"Mouth"
"2210","RetiredPothole","nine",0.8,0.9,"Mouth"
"2211","Base","ten",0.72,1,"Mouth"
"2212","ConTillDrain01","ten",0.8,1,"Mouth"
"2213","ConTillDrain02","ten",0.68,1,"Mouth"
"2214","ConTillDrain03","ten",0.64,1,"Mouth"
"2215","ConTillRetired","ten",0.72,1,"Mouth"
"2216","CoverCrop","ten",0.68,1,"Mouth"
"2217","Drain0","ten",0.84,1,"Mouth"
"2218","Drain01","ten",0.84,1,"Mouth"
"2219","Drain02","ten",0.72,1,"Mouth"
"2220","Drain03","ten",0.68,1,"Mouth"
"2221","Drain0CT","ten",0.84,1,"Mouth"
"2222","Drain0NT","ten",0.76,1,"Mouth"
"2223","Drain1NT","ten",0.76,1,"Mouth"
"2224","Drain1Retired","ten",0.68,1,"Mouth"
"2225","Drain1RetiredAll","ten",0.36,1,"Mouth"
"2226","Drain1RetiredCT","ten",0.72,1,"Mouth"
"2227","Drain1RetiredNT","ten",0.64,1,"Mouth"
"2228","Drain2NT","ten",0.72,1,"Mouth"
"2229","Drain2Retired","ten",0.68,1,"Mouth"
"2230","Drain2RetiredAll","ten",0.28,1,"Mouth"
"2231","Drain2RetiredCT","ten",0.68,1,"Mouth"
"2232","Drain2RetiredNT","ten",0.56,1,"Mouth"
"2233","Drain3NT","ten",0.56,1,"Mouth"
"2234","Drain3Retired","ten",0.44,1,"Mouth"
"2235","Drain3RetiredAll","ten",0.24,1,"Mouth"
"2236","Drain3RetiredCT","ten",0.6,1,"Mouth"
"2237","Drain3RetiredNT","ten",0.56,1,"Mouth"
"2238","NoTillRetired","ten",0.72,1,"Mouth"
"2239","PlantDate01","ten",0.8,1,"Mouth"
"2240","PlantDate02","ten",0.72,1,"Mouth"
"2241","PlantDate03","ten",0.76,1,"Mouth"
"2242","PlantDate04","ten",0.76,1,"Mouth"
"2243","RetiredAll","ten",0.4,1,"Mouth"
"2244","RetiredPothole","ten",0.72,1,"Mouth"
