"","Pothole","wetness","variable","value","code","bins","code2"
"1","bunny","high","RetiredAll",33.3333333333333,"D0-R-R","No Drainage","D0-R-R"
"2","bunny","low","RetiredAll",3.375,"D0-R-R","No Drainage","D0-R-R"
"3","bunny","med","RetiredAll",6.75,"D0-R-R","No Drainage","D0-R-R"
"4","walnut","high","RetiredAll",37.4444444444444,"D0-R-R","No Drainage","D0-R-R"
"5","walnut","low","RetiredAll",4.125,"D0-R-R","No Drainage","D0-R-R"
"6","walnut","med","RetiredAll",8,"D0-R-R","No Drainage","D0-R-R"
"7","lettuce","high","RetiredAll",59.8888888888889,"D0-R-R","No Drainage","D0-R-R"
"8","lettuce","low","RetiredAll",7.125,"D0-R-R","No Drainage","D0-R-R"
"9","lettuce","med","RetiredAll",12.125,"D0-R-R","No Drainage","D0-R-R"
"10","cardinal","high","RetiredAll",67.6666666666667,"D0-R-R","No Drainage","D0-R-R"
"11","cardinal","low","RetiredAll",12.5,"D0-R-R","No Drainage","D0-R-R"
"12","cardinal","med","RetiredAll",17.75,"D0-R-R","No Drainage","D0-R-R"
"13","hen","high","RetiredAll",25.6666666666667,"D0-R-R","No Drainage","D0-R-R"
"14","hen","low","RetiredAll",3.5,"D0-R-R","No Drainage","D0-R-R"
"15","hen","med","RetiredAll",7.875,"D0-R-R","No Drainage","D0-R-R"
"16","mouth","high","RetiredAll",13,"D0-R-R","No Drainage","D0-R-R"
"17","mouth","low","RetiredAll",1,"D0-R-R","No Drainage","D0-R-R"
"18","mouth","med","RetiredAll",1.875,"D0-R-R","No Drainage","D0-R-R"
"19","bunny","high","RetiredPothole",78.7777777777778,"D0-R-CV","No Drainage","D0-R-CV"
"20","bunny","low","RetiredPothole",15.375,"D0-R-CV","No Drainage","D0-R-CV"
"21","bunny","med","RetiredPothole",24.625,"D0-R-CV","No Drainage","D0-R-CV"
"22","walnut","high","RetiredPothole",76,"D0-R-CV","No Drainage","D0-R-CV"
"23","walnut","low","RetiredPothole",13.625,"D0-R-CV","No Drainage","D0-R-CV"
"24","walnut","med","RetiredPothole",21.75,"D0-R-CV","No Drainage","D0-R-CV"
"25","lettuce","high","RetiredPothole",126.777777777778,"D0-R-CV","No Drainage","D0-R-CV"
"26","lettuce","low","RetiredPothole",28.875,"D0-R-CV","No Drainage","D0-R-CV"
"27","lettuce","med","RetiredPothole",46.375,"D0-R-CV","No Drainage","D0-R-CV"
"28","cardinal","high","RetiredPothole",92.5555555555556,"D0-R-CV","No Drainage","D0-R-CV"
"29","cardinal","low","RetiredPothole",18.625,"D0-R-CV","No Drainage","D0-R-CV"
"30","cardinal","med","RetiredPothole",34.125,"D0-R-CV","No Drainage","D0-R-CV"
"31","hen","high","RetiredPothole",79.8888888888889,"D0-R-CV","No Drainage","D0-R-CV"
"32","hen","low","RetiredPothole",21.875,"D0-R-CV","No Drainage","D0-R-CV"
"33","hen","med","RetiredPothole",37.25,"D0-R-CV","No Drainage","D0-R-CV"
"34","mouth","high","RetiredPothole",29,"D0-R-CV","No Drainage","D0-R-CV"
"35","mouth","low","RetiredPothole",4.875,"D0-R-CV","No Drainage","D0-R-CV"
"36","mouth","med","RetiredPothole",7.125,"D0-R-CV","No Drainage","D0-R-CV"
"37","bunny","high","ConTillRetired",72.1111111111111,"D0-R-CT","No Drainage","D0-R-CT"
"38","bunny","low","ConTillRetired",14.875,"D0-R-CT","No Drainage","D0-R-CT"
"39","bunny","med","ConTillRetired",22,"D0-R-CT","No Drainage","D0-R-CT"
"40","walnut","high","ConTillRetired",70.7777777777778,"D0-R-CT","No Drainage","D0-R-CT"
"41","walnut","low","ConTillRetired",13.25,"D0-R-CT","No Drainage","D0-R-CT"
"42","walnut","med","ConTillRetired",19.875,"D0-R-CT","No Drainage","D0-R-CT"
"43","lettuce","high","ConTillRetired",117.888888888889,"D0-R-CT","No Drainage","D0-R-CT"
"44","lettuce","low","ConTillRetired",28.25,"D0-R-CT","No Drainage","D0-R-CT"
"45","lettuce","med","ConTillRetired",43.375,"D0-R-CT","No Drainage","D0-R-CT"
"46","cardinal","high","ConTillRetired",88.1111111111111,"D0-R-CT","No Drainage","D0-R-CT"
"47","cardinal","low","ConTillRetired",19.25,"D0-R-CT","No Drainage","D0-R-CT"
"48","cardinal","med","ConTillRetired",29.5,"D0-R-CT","No Drainage","D0-R-CT"
"49","hen","high","ConTillRetired",78.1111111111111,"D0-R-CT","No Drainage","D0-R-CT"
"50","hen","low","ConTillRetired",21.625,"D0-R-CT","No Drainage","D0-R-CT"
"51","hen","med","ConTillRetired",36.25,"D0-R-CT","No Drainage","D0-R-CT"
"52","mouth","high","ConTillRetired",28.5555555555556,"D0-R-CT","No Drainage","D0-R-CT"
"53","mouth","low","ConTillRetired",4.875,"D0-R-CT","No Drainage","D0-R-CT"
"54","mouth","med","ConTillRetired",7.25,"D0-R-CT","No Drainage","D0-R-CT"
"55","bunny","high","NoTillRetired",61.2222222222222,"D0-R-NT","No Drainage","D0-R-NT"
"56","bunny","low","NoTillRetired",14.5,"D0-R-NT","No Drainage","D0-R-NT"
"57","bunny","med","NoTillRetired",19.875,"D0-R-NT","No Drainage","D0-R-NT"
"58","walnut","high","NoTillRetired",62.5555555555556,"D0-R-NT","No Drainage","D0-R-NT"
"59","walnut","low","NoTillRetired",13,"D0-R-NT","No Drainage","D0-R-NT"
"60","walnut","med","NoTillRetired",18.125,"D0-R-NT","No Drainage","D0-R-NT"
"61","lettuce","high","NoTillRetired",99.6666666666667,"D0-R-NT","No Drainage","D0-R-NT"
"62","lettuce","low","NoTillRetired",28.625,"D0-R-NT","No Drainage","D0-R-NT"
"63","lettuce","med","NoTillRetired",40.75,"D0-R-NT","No Drainage","D0-R-NT"
"64","cardinal","high","NoTillRetired",82.2222222222222,"D0-R-NT","No Drainage","D0-R-NT"
"65","cardinal","low","NoTillRetired",21.875,"D0-R-NT","No Drainage","D0-R-NT"
"66","cardinal","med","NoTillRetired",29.125,"D0-R-NT","No Drainage","D0-R-NT"
"67","hen","high","NoTillRetired",63.4444444444444,"D0-R-NT","No Drainage","D0-R-NT"
"68","hen","low","NoTillRetired",20,"D0-R-NT","No Drainage","D0-R-NT"
"69","hen","med","NoTillRetired",32.125,"D0-R-NT","No Drainage","D0-R-NT"
"70","mouth","high","NoTillRetired",24.2222222222222,"D0-R-NT","No Drainage","D0-R-NT"
"71","mouth","low","NoTillRetired",4.5,"D0-R-NT","No Drainage","D0-R-NT"
"72","mouth","med","NoTillRetired",6.625,"D0-R-NT","No Drainage","D0-R-NT"
"73","bunny","high","Drain0",81.2222222222222,"D0-CS-CV","No Drainage","D0-CS-CV"
"74","bunny","low","Drain0",16.125,"D0-CS-CV","No Drainage","D0-CS-CV"
"75","bunny","med","Drain0",26.125,"D0-CS-CV","No Drainage","D0-CS-CV"
"76","walnut","high","Drain0",81.7777777777778,"D0-CS-CV","No Drainage","D0-CS-CV"
"77","walnut","low","Drain0",15.625,"D0-CS-CV","No Drainage","D0-CS-CV"
"78","walnut","med","Drain0",25.625,"D0-CS-CV","No Drainage","D0-CS-CV"
"79","lettuce","high","Drain0",136.555555555556,"D0-CS-CV","No Drainage","D0-CS-CV"
"80","lettuce","low","Drain0",32,"D0-CS-CV","No Drainage","D0-CS-CV"
"81","lettuce","med","Drain0",51.625,"D0-CS-CV","No Drainage","D0-CS-CV"
"82","cardinal","high","Drain0",100.444444444444,"D0-CS-CV","No Drainage","D0-CS-CV"
"83","cardinal","low","Drain0",20.25,"D0-CS-CV","No Drainage","D0-CS-CV"
"84","cardinal","med","Drain0",36.375,"D0-CS-CV","No Drainage","D0-CS-CV"
"85","hen","high","Drain0",79.8888888888889,"D0-CS-CV","No Drainage","D0-CS-CV"
"86","hen","low","Drain0",21.875,"D0-CS-CV","No Drainage","D0-CS-CV"
"87","hen","med","Drain0",36.75,"D0-CS-CV","No Drainage","D0-CS-CV"
"88","mouth","high","Drain0",33.3333333333333,"D0-CS-CV","No Drainage","D0-CS-CV"
"89","mouth","low","Drain0",6.25,"D0-CS-CV","No Drainage","D0-CS-CV"
"90","mouth","med","Drain0",9.5,"D0-CS-CV","No Drainage","D0-CS-CV"
"91","bunny","high","Drain0CT",73.8888888888889,"D0-CS-CT","No Drainage","D0-CS-CT"
"92","bunny","low","Drain0CT",15.625,"D0-CS-CT","No Drainage","D0-CS-CT"
"93","bunny","med","Drain0CT",23,"D0-CS-CT","No Drainage","D0-CS-CT"
"94","walnut","high","Drain0CT",75.3333333333333,"D0-CS-CT","No Drainage","D0-CS-CT"
"95","walnut","low","Drain0CT",14.75,"D0-CS-CT","No Drainage","D0-CS-CT"
"96","walnut","med","Drain0CT",21.625,"D0-CS-CT","No Drainage","D0-CS-CT"
"97","lettuce","high","Drain0CT",126,"D0-CS-CT","No Drainage","D0-CS-CT"
"98","lettuce","low","Drain0CT",32.125,"D0-CS-CT","No Drainage","D0-CS-CT"
"99","lettuce","med","Drain0CT",48.625,"D0-CS-CT","No Drainage","D0-CS-CT"
"100","cardinal","high","Drain0CT",95.5555555555556,"D0-CS-CT","No Drainage","D0-CS-CT"
"101","cardinal","low","Drain0CT",22.625,"D0-CS-CT","No Drainage","D0-CS-CT"
"102","cardinal","med","Drain0CT",32.625,"D0-CS-CT","No Drainage","D0-CS-CT"
"103","hen","high","Drain0CT",78.1111111111111,"D0-CS-CT","No Drainage","D0-CS-CT"
"104","hen","low","Drain0CT",21.625,"D0-CS-CT","No Drainage","D0-CS-CT"
"105","hen","med","Drain0CT",36.25,"D0-CS-CT","No Drainage","D0-CS-CT"
"106","mouth","high","Drain0CT",32.4444444444444,"D0-CS-CT","No Drainage","D0-CS-CT"
"107","mouth","low","Drain0CT",6,"D0-CS-CT","No Drainage","D0-CS-CT"
"108","mouth","med","Drain0CT",9.375,"D0-CS-CT","No Drainage","D0-CS-CT"
"109","bunny","high","Drain0NT",62.6666666666667,"D0-CS-NT","No Drainage","D0-CS-NT"
"110","bunny","low","Drain0NT",14.625,"D0-CS-NT","No Drainage","D0-CS-NT"
"111","bunny","med","Drain0NT",21,"D0-CS-NT","No Drainage","D0-CS-NT"
"112","walnut","high","Drain0NT",65.1111111111111,"D0-CS-NT","No Drainage","D0-CS-NT"
"113","walnut","low","Drain0NT",15.375,"D0-CS-NT","No Drainage","D0-CS-NT"
"114","walnut","med","Drain0NT",20.75,"D0-CS-NT","No Drainage","D0-CS-NT"
"115","lettuce","high","Drain0NT",106.444444444444,"D0-CS-NT","No Drainage","D0-CS-NT"
"116","lettuce","low","Drain0NT",32.625,"D0-CS-NT","No Drainage","D0-CS-NT"
"117","lettuce","med","Drain0NT",46.25,"D0-CS-NT","No Drainage","D0-CS-NT"
"118","cardinal","high","Drain0NT",88.2222222222222,"D0-CS-NT","No Drainage","D0-CS-NT"
"119","cardinal","low","Drain0NT",24.625,"D0-CS-NT","No Drainage","D0-CS-NT"
"120","cardinal","med","Drain0NT",31.125,"D0-CS-NT","No Drainage","D0-CS-NT"
"121","hen","high","Drain0NT",63.4444444444444,"D0-CS-NT","No Drainage","D0-CS-NT"
"122","hen","low","Drain0NT",20,"D0-CS-NT","No Drainage","D0-CS-NT"
"123","hen","med","Drain0NT",32.125,"D0-CS-NT","No Drainage","D0-CS-NT"
"124","mouth","high","Drain0NT",26.8888888888889,"D0-CS-NT","No Drainage","D0-CS-NT"
"125","mouth","low","Drain0NT",6.125,"D0-CS-NT","No Drainage","D0-CS-NT"
"126","mouth","med","Drain0NT",9.25,"D0-CS-NT","No Drainage","D0-CS-NT"
"127","bunny","high","Drain01",42,"D1-CS-CV","SS Drainage","D1-CS-CV"
"128","bunny","low","Drain01",7.25,"D1-CS-CV","SS Drainage","D1-CS-CV"
"129","bunny","med","Drain01",12.25,"D1-CS-CV","SS Drainage","D1-CS-CV"
"130","walnut","high","Drain01",48.8888888888889,"D1-CS-CV","SS Drainage","D1-CS-CV"
"131","walnut","low","Drain01",7.75,"D1-CS-CV","SS Drainage","D1-CS-CV"
"132","walnut","med","Drain01",13.75,"D1-CS-CV","SS Drainage","D1-CS-CV"
"133","lettuce","high","Drain01",63.8888888888889,"D1-CS-CV","SS Drainage","D1-CS-CV"
"134","lettuce","low","Drain01",14.375,"D1-CS-CV","SS Drainage","D1-CS-CV"
"135","lettuce","med","Drain01",22.875,"D1-CS-CV","SS Drainage","D1-CS-CV"
"136","cardinal","high","Drain01",37.6666666666667,"D1-CS-CV","SS Drainage","D1-CS-CV"
"137","cardinal","low","Drain01",7.125,"D1-CS-CV","SS Drainage","D1-CS-CV"
"138","cardinal","med","Drain01",11.75,"D1-CS-CV","SS Drainage","D1-CS-CV"
"139","hen","high","Drain01",34.7777777777778,"D1-CS-CV","SS Drainage","D1-CS-CV"
"140","hen","low","Drain01",8.375,"D1-CS-CV","SS Drainage","D1-CS-CV"
"141","hen","med","Drain01",14.125,"D1-CS-CV","SS Drainage","D1-CS-CV"
"142","mouth","high","Drain01",28.8888888888889,"D1-CS-CV","SS Drainage","D1-CS-CV"
"143","mouth","low","Drain01",5.125,"D1-CS-CV","SS Drainage","D1-CS-CV"
"144","mouth","med","Drain01",7.875,"D1-CS-CV","SS Drainage","D1-CS-CV"
"145","bunny","high","ConTillDrain01",38.3333333333333,"D1-CS-CT","SS Drainage","D1-CS-CT"
"146","bunny","low","ConTillDrain01",7.5,"D1-CS-CT","SS Drainage","D1-CS-CT"
"147","bunny","med","ConTillDrain01",11,"D1-CS-CT","SS Drainage","D1-CS-CT"
"148","walnut","high","ConTillDrain01",44.6666666666667,"D1-CS-CT","SS Drainage","D1-CS-CT"
"149","walnut","low","ConTillDrain01",8.875,"D1-CS-CT","SS Drainage","D1-CS-CT"
"150","walnut","med","ConTillDrain01",12.125,"D1-CS-CT","SS Drainage","D1-CS-CT"
"151","lettuce","high","ConTillDrain01",59.3333333333333,"D1-CS-CT","SS Drainage","D1-CS-CT"
"152","lettuce","low","ConTillDrain01",13.75,"D1-CS-CT","SS Drainage","D1-CS-CT"
"153","lettuce","med","ConTillDrain01",20.75,"D1-CS-CT","SS Drainage","D1-CS-CT"
"154","cardinal","high","ConTillDrain01",35.7777777777778,"D1-CS-CT","SS Drainage","D1-CS-CT"
"155","cardinal","low","ConTillDrain01",6.875,"D1-CS-CT","SS Drainage","D1-CS-CT"
"156","cardinal","med","ConTillDrain01",10.375,"D1-CS-CT","SS Drainage","D1-CS-CT"
"157","hen","high","ConTillDrain01",33.2222222222222,"D1-CS-CT","SS Drainage","D1-CS-CT"
"158","hen","low","ConTillDrain01",8.125,"D1-CS-CT","SS Drainage","D1-CS-CT"
"159","hen","med","ConTillDrain01",14,"D1-CS-CT","SS Drainage","D1-CS-CT"
"160","mouth","high","ConTillDrain01",28,"D1-CS-CT","SS Drainage","D1-CS-CT"
"161","mouth","low","ConTillDrain01",5.125,"D1-CS-CT","SS Drainage","D1-CS-CT"
"162","mouth","med","ConTillDrain01",7.625,"D1-CS-CT","SS Drainage","D1-CS-CT"
"163","bunny","high","Drain1Retired",40.7777777777778,"D1-R-CV","SS Drainage","D1-R-CV"
"164","bunny","low","Drain1Retired",7.125,"D1-R-CV","SS Drainage","D1-R-CV"
"165","bunny","med","Drain1Retired",11.25,"D1-R-CV","SS Drainage","D1-R-CV"
"166","walnut","high","Drain1Retired",45.3333333333333,"D1-R-CV","SS Drainage","D1-R-CV"
"167","walnut","low","Drain1Retired",7,"D1-R-CV","SS Drainage","D1-R-CV"
"168","walnut","med","Drain1Retired",11.75,"D1-R-CV","SS Drainage","D1-R-CV"
"169","lettuce","high","Drain1Retired",59.8888888888889,"D1-R-CV","SS Drainage","D1-R-CV"
"170","lettuce","low","Drain1Retired",12.25,"D1-R-CV","SS Drainage","D1-R-CV"
"171","lettuce","med","Drain1Retired",20,"D1-R-CV","SS Drainage","D1-R-CV"
"172","cardinal","high","Drain1Retired",34.5555555555556,"D1-R-CV","SS Drainage","D1-R-CV"
"173","cardinal","low","Drain1Retired",6.125,"D1-R-CV","SS Drainage","D1-R-CV"
"174","cardinal","med","Drain1Retired",10.125,"D1-R-CV","SS Drainage","D1-R-CV"
"175","hen","high","Drain1Retired",34.8888888888889,"D1-R-CV","SS Drainage","D1-R-CV"
"176","hen","low","Drain1Retired",8.375,"D1-R-CV","SS Drainage","D1-R-CV"
"177","hen","med","Drain1Retired",14.125,"D1-R-CV","SS Drainage","D1-R-CV"
"178","mouth","high","Drain1Retired",22.1111111111111,"D1-R-CV","SS Drainage","D1-R-CV"
"179","mouth","low","Drain1Retired",3,"D1-R-CV","SS Drainage","D1-R-CV"
"180","mouth","med","Drain1Retired",4.5,"D1-R-CV","SS Drainage","D1-R-CV"
"181","bunny","high","Drain1NT",31.6666666666667,"D1-CS-NT","SS Drainage","D1-CS-NT"
"182","bunny","low","Drain1NT",7.375,"D1-CS-NT","SS Drainage","D1-CS-NT"
"183","bunny","med","Drain1NT",10.125,"D1-CS-NT","SS Drainage","D1-CS-NT"
"184","walnut","high","Drain1NT",37.6666666666667,"D1-CS-NT","SS Drainage","D1-CS-NT"
"185","walnut","low","Drain1NT",8.5,"D1-CS-NT","SS Drainage","D1-CS-NT"
"186","walnut","med","Drain1NT",11.75,"D1-CS-NT","SS Drainage","D1-CS-NT"
"187","lettuce","high","Drain1NT",49.6666666666667,"D1-CS-NT","SS Drainage","D1-CS-NT"
"188","lettuce","low","Drain1NT",14.5,"D1-CS-NT","SS Drainage","D1-CS-NT"
"189","lettuce","med","Drain1NT",19.75,"D1-CS-NT","SS Drainage","D1-CS-NT"
"190","cardinal","high","Drain1NT",32.6666666666667,"D1-CS-NT","SS Drainage","D1-CS-NT"
"191","cardinal","low","Drain1NT",8.375,"D1-CS-NT","SS Drainage","D1-CS-NT"
"192","cardinal","med","Drain1NT",10.25,"D1-CS-NT","SS Drainage","D1-CS-NT"
"193","hen","high","Drain1NT",27.6666666666667,"D1-CS-NT","SS Drainage","D1-CS-NT"
"194","hen","low","Drain1NT",7.75,"D1-CS-NT","SS Drainage","D1-CS-NT"
"195","hen","med","Drain1NT",12,"D1-CS-NT","SS Drainage","D1-CS-NT"
"196","mouth","high","Drain1NT",23.4444444444444,"D1-CS-NT","SS Drainage","D1-CS-NT"
"197","mouth","low","Drain1NT",5.125,"D1-CS-NT","SS Drainage","D1-CS-NT"
"198","mouth","med","Drain1NT",7.375,"D1-CS-NT","SS Drainage","D1-CS-NT"
"199","bunny","high","Drain1RetiredCT",37.4444444444444,"D1-R-CT","SS Drainage","D1-R-CT"
"200","bunny","low","Drain1RetiredCT",7.125,"D1-R-CT","SS Drainage","D1-R-CT"
"201","bunny","med","Drain1RetiredCT",10.5,"D1-R-CT","SS Drainage","D1-R-CT"
"202","walnut","high","Drain1RetiredCT",42.2222222222222,"D1-R-CT","SS Drainage","D1-R-CT"
"203","walnut","low","Drain1RetiredCT",7.5,"D1-R-CT","SS Drainage","D1-R-CT"
"204","walnut","med","Drain1RetiredCT",10.75,"D1-R-CT","SS Drainage","D1-R-CT"
"205","lettuce","high","Drain1RetiredCT",54.8888888888889,"D1-R-CT","SS Drainage","D1-R-CT"
"206","lettuce","low","Drain1RetiredCT",12.5,"D1-R-CT","SS Drainage","D1-R-CT"
"207","lettuce","med","Drain1RetiredCT",18.125,"D1-R-CT","SS Drainage","D1-R-CT"
"208","cardinal","high","Drain1RetiredCT",32.7777777777778,"D1-R-CT","SS Drainage","D1-R-CT"
"209","cardinal","low","Drain1RetiredCT",6.25,"D1-R-CT","SS Drainage","D1-R-CT"
"210","cardinal","med","Drain1RetiredCT",9.25,"D1-R-CT","SS Drainage","D1-R-CT"
"211","hen","high","Drain1RetiredCT",33.2222222222222,"D1-R-CT","SS Drainage","D1-R-CT"
"212","hen","low","Drain1RetiredCT",8.125,"D1-R-CT","SS Drainage","D1-R-CT"
"213","hen","med","Drain1RetiredCT",14,"D1-R-CT","SS Drainage","D1-R-CT"
"214","mouth","high","Drain1RetiredCT",24.4444444444444,"D1-R-CT","SS Drainage","D1-R-CT"
"215","mouth","low","Drain1RetiredCT",3.75,"D1-R-CT","SS Drainage","D1-R-CT"
"216","mouth","med","Drain1RetiredCT",5.875,"D1-R-CT","SS Drainage","D1-R-CT"
"217","bunny","high","Drain1RetiredNT",31.1111111111111,"D1-R-NT","SS Drainage","D1-R-NT"
"218","bunny","low","Drain1RetiredNT",6.625,"D1-R-NT","SS Drainage","D1-R-NT"
"219","bunny","med","Drain1RetiredNT",9.375,"D1-R-NT","SS Drainage","D1-R-NT"
"220","walnut","high","Drain1RetiredNT",36.2222222222222,"D1-R-NT","SS Drainage","D1-R-NT"
"221","walnut","low","Drain1RetiredNT",7,"D1-R-NT","SS Drainage","D1-R-NT"
"222","walnut","med","Drain1RetiredNT",9.75,"D1-R-NT","SS Drainage","D1-R-NT"
"223","lettuce","high","Drain1RetiredNT",46.7777777777778,"D1-R-NT","SS Drainage","D1-R-NT"
"224","lettuce","low","Drain1RetiredNT",12.125,"D1-R-NT","SS Drainage","D1-R-NT"
"225","lettuce","med","Drain1RetiredNT",17,"D1-R-NT","SS Drainage","D1-R-NT"
"226","cardinal","high","Drain1RetiredNT",29.5555555555556,"D1-R-NT","SS Drainage","D1-R-NT"
"227","cardinal","low","Drain1RetiredNT",7.625,"D1-R-NT","SS Drainage","D1-R-NT"
"228","cardinal","med","Drain1RetiredNT",9.25,"D1-R-NT","SS Drainage","D1-R-NT"
"229","hen","high","Drain1RetiredNT",27.6666666666667,"D1-R-NT","SS Drainage","D1-R-NT"
"230","hen","low","Drain1RetiredNT",7.75,"D1-R-NT","SS Drainage","D1-R-NT"
"231","hen","med","Drain1RetiredNT",12,"D1-R-NT","SS Drainage","D1-R-NT"
"232","mouth","high","Drain1RetiredNT",21.5555555555556,"D1-R-NT","SS Drainage","D1-R-NT"
"233","mouth","low","Drain1RetiredNT",3.875,"D1-R-NT","SS Drainage","D1-R-NT"
"234","mouth","med","Drain1RetiredNT",5.625,"D1-R-NT","SS Drainage","D1-R-NT"
"235","bunny","high","Drain1RetiredAll",17.1111111111111,"D1-R-R","SS Drainage","D1-R-R"
"236","bunny","low","Drain1RetiredAll",1.25,"D1-R-R","SS Drainage","D1-R-R"
"237","bunny","med","Drain1RetiredAll",3.625,"D1-R-R","SS Drainage","D1-R-R"
"238","walnut","high","Drain1RetiredAll",21.7777777777778,"D1-R-R","SS Drainage","D1-R-R"
"239","walnut","low","Drain1RetiredAll",2.125,"D1-R-R","SS Drainage","D1-R-R"
"240","walnut","med","Drain1RetiredAll",4.5,"D1-R-R","SS Drainage","D1-R-R"
"241","lettuce","high","Drain1RetiredAll",27.5555555555556,"D1-R-R","SS Drainage","D1-R-R"
"242","lettuce","low","Drain1RetiredAll",2.5,"D1-R-R","SS Drainage","D1-R-R"
"243","lettuce","med","Drain1RetiredAll",5.125,"D1-R-R","SS Drainage","D1-R-R"
"244","cardinal","high","Drain1RetiredAll",23.7777777777778,"D1-R-R","SS Drainage","D1-R-R"
"245","cardinal","low","Drain1RetiredAll",3.625,"D1-R-R","SS Drainage","D1-R-R"
"246","cardinal","med","Drain1RetiredAll",5.75,"D1-R-R","SS Drainage","D1-R-R"
"247","hen","high","Drain1RetiredAll",11.2222222222222,"D1-R-R","SS Drainage","D1-R-R"
"248","hen","low","Drain1RetiredAll",1.25,"D1-R-R","SS Drainage","D1-R-R"
"249","hen","med","Drain1RetiredAll",2.625,"D1-R-R","SS Drainage","D1-R-R"
"250","mouth","high","Drain1RetiredAll",11.2222222222222,"D1-R-R","SS Drainage","D1-R-R"
"251","mouth","low","Drain1RetiredAll",0.75,"D1-R-R","SS Drainage","D1-R-R"
"252","mouth","med","Drain1RetiredAll",1.75,"D1-R-R","SS Drainage","D1-R-R"
"253","bunny","high","Drain02",29,"D2-CS-CV","SS + SI","D2-CS-CV"
"254","bunny","low","Drain02",4.625,"D2-CS-CV","SS + SI","D2-CS-CV"
"255","bunny","med","Drain02",7.625,"D2-CS-CV","SS + SI","D2-CS-CV"
"256","walnut","high","Drain02",34.7777777777778,"D2-CS-CV","SS + SI","D2-CS-CV"
"257","walnut","low","Drain02",6,"D2-CS-CV","SS + SI","D2-CS-CV"
"258","walnut","med","Drain02",9.125,"D2-CS-CV","SS + SI","D2-CS-CV"
"259","lettuce","high","Drain02",44.7777777777778,"D2-CS-CV","SS + SI","D2-CS-CV"
"260","lettuce","low","Drain02",9.125,"D2-CS-CV","SS + SI","D2-CS-CV"
"261","lettuce","med","Drain02",15.25,"D2-CS-CV","SS + SI","D2-CS-CV"
"262","cardinal","high","Drain02",25.4444444444444,"D2-CS-CV","SS + SI","D2-CS-CV"
"263","cardinal","low","Drain02",3.25,"D2-CS-CV","SS + SI","D2-CS-CV"
"264","cardinal","med","Drain02",6.875,"D2-CS-CV","SS + SI","D2-CS-CV"
"265","hen","high","Drain02",22.2222222222222,"D2-CS-CV","SS + SI","D2-CS-CV"
"266","hen","low","Drain02",5.375,"D2-CS-CV","SS + SI","D2-CS-CV"
"267","hen","med","Drain02",8.25,"D2-CS-CV","SS + SI","D2-CS-CV"
"268","mouth","high","Drain02",18.7777777777778,"D2-CS-CV","SS + SI","D2-CS-CV"
"269","mouth","low","Drain02",2.75,"D2-CS-CV","SS + SI","D2-CS-CV"
"270","mouth","med","Drain02",4.875,"D2-CS-CV","SS + SI","D2-CS-CV"
"271","bunny","high","ConTillDrain02",26.5555555555556,"D2-CS-CT","SS + SI","D2-CS-CT"
"272","bunny","low","ConTillDrain02",4.5,"D2-CS-CT","SS + SI","D2-CS-CT"
"273","bunny","med","ConTillDrain02",6.5,"D2-CS-CT","SS + SI","D2-CS-CT"
"274","walnut","high","ConTillDrain02",31.4444444444444,"D2-CS-CT","SS + SI","D2-CS-CT"
"275","walnut","low","ConTillDrain02",5.125,"D2-CS-CT","SS + SI","D2-CS-CT"
"276","walnut","med","ConTillDrain02",8.25,"D2-CS-CT","SS + SI","D2-CS-CT"
"277","lettuce","high","ConTillDrain02",41.2222222222222,"D2-CS-CT","SS + SI","D2-CS-CT"
"278","lettuce","low","ConTillDrain02",9.125,"D2-CS-CT","SS + SI","D2-CS-CT"
"279","lettuce","med","ConTillDrain02",14.125,"D2-CS-CT","SS + SI","D2-CS-CT"
"280","cardinal","high","ConTillDrain02",23.6666666666667,"D2-CS-CT","SS + SI","D2-CS-CT"
"281","cardinal","low","ConTillDrain02",4.5,"D2-CS-CT","SS + SI","D2-CS-CT"
"282","cardinal","med","ConTillDrain02",5.625,"D2-CS-CT","SS + SI","D2-CS-CT"
"283","hen","high","ConTillDrain02",22.1111111111111,"D2-CS-CT","SS + SI","D2-CS-CT"
"284","hen","low","ConTillDrain02",5,"D2-CS-CT","SS + SI","D2-CS-CT"
"285","hen","med","ConTillDrain02",7.875,"D2-CS-CT","SS + SI","D2-CS-CT"
"286","mouth","high","ConTillDrain02",18.6666666666667,"D2-CS-CT","SS + SI","D2-CS-CT"
"287","mouth","low","ConTillDrain02",2.875,"D2-CS-CT","SS + SI","D2-CS-CT"
"288","mouth","med","ConTillDrain02",4.625,"D2-CS-CT","SS + SI","D2-CS-CT"
"289","bunny","high","Drain2Retired",28,"D2-R-CV","SS + SI","D2-R-CV"
"290","bunny","low","Drain2Retired",4.625,"D2-R-CV","SS + SI","D2-R-CV"
"291","bunny","med","Drain2Retired",6.875,"D2-R-CV","SS + SI","D2-R-CV"
"292","walnut","high","Drain2Retired",32.3333333333333,"D2-R-CV","SS + SI","D2-R-CV"
"293","walnut","low","Drain2Retired",5.25,"D2-R-CV","SS + SI","D2-R-CV"
"294","walnut","med","Drain2Retired",7.5,"D2-R-CV","SS + SI","D2-R-CV"
"295","lettuce","high","Drain2Retired",41.5555555555556,"D2-R-CV","SS + SI","D2-R-CV"
"296","lettuce","low","Drain2Retired",7.5,"D2-R-CV","SS + SI","D2-R-CV"
"297","lettuce","med","Drain2Retired",12,"D2-R-CV","SS + SI","D2-R-CV"
"298","cardinal","high","Drain2Retired",22.6666666666667,"D2-R-CV","SS + SI","D2-R-CV"
"299","cardinal","low","Drain2Retired",2.75,"D2-R-CV","SS + SI","D2-R-CV"
"300","cardinal","med","Drain2Retired",6.5,"D2-R-CV","SS + SI","D2-R-CV"
"301","hen","high","Drain2Retired",22.1111111111111,"D2-R-CV","SS + SI","D2-R-CV"
"302","hen","low","Drain2Retired",5.375,"D2-R-CV","SS + SI","D2-R-CV"
"303","hen","med","Drain2Retired",8.375,"D2-R-CV","SS + SI","D2-R-CV"
"304","mouth","high","Drain2Retired",14.8888888888889,"D2-R-CV","SS + SI","D2-R-CV"
"305","mouth","low","Drain2Retired",1.25,"D2-R-CV","SS + SI","D2-R-CV"
"306","mouth","med","Drain2Retired",3.75,"D2-R-CV","SS + SI","D2-R-CV"
"307","bunny","high","Drain2NT",22.5555555555556,"D2-CS-NT","SS + SI","D2-CS-NT"
"308","bunny","low","Drain2NT",4.25,"D2-CS-NT","SS + SI","D2-CS-NT"
"309","bunny","med","Drain2NT",6.125,"D2-CS-NT","SS + SI","D2-CS-NT"
"310","walnut","high","Drain2NT",26.2222222222222,"D2-CS-NT","SS + SI","D2-CS-NT"
"311","walnut","low","Drain2NT",5.625,"D2-CS-NT","SS + SI","D2-CS-NT"
"312","walnut","med","Drain2NT",7.75,"D2-CS-NT","SS + SI","D2-CS-NT"
"313","lettuce","high","Drain2NT",34.7777777777778,"D2-CS-NT","SS + SI","D2-CS-NT"
"314","lettuce","low","Drain2NT",9.25,"D2-CS-NT","SS + SI","D2-CS-NT"
"315","lettuce","med","Drain2NT",12.875,"D2-CS-NT","SS + SI","D2-CS-NT"
"316","cardinal","high","Drain2NT",22,"D2-CS-NT","SS + SI","D2-CS-NT"
"317","cardinal","low","Drain2NT",5.125,"D2-CS-NT","SS + SI","D2-CS-NT"
"318","cardinal","med","Drain2NT",6.125,"D2-CS-NT","SS + SI","D2-CS-NT"
"319","hen","high","Drain2NT",18.1111111111111,"D2-CS-NT","SS + SI","D2-CS-NT"
"320","hen","low","Drain2NT",4.625,"D2-CS-NT","SS + SI","D2-CS-NT"
"321","hen","med","Drain2NT",7.5,"D2-CS-NT","SS + SI","D2-CS-NT"
"322","mouth","high","Drain2NT",16,"D2-CS-NT","SS + SI","D2-CS-NT"
"323","mouth","low","Drain2NT",2.625,"D2-CS-NT","SS + SI","D2-CS-NT"
"324","mouth","med","Drain2NT",4.25,"D2-CS-NT","SS + SI","D2-CS-NT"
"325","bunny","high","Drain2RetiredCT",26,"D2-R-CT","SS + SI","D2-R-CT"
"326","bunny","low","Drain2RetiredCT",4.25,"D2-R-CT","SS + SI","D2-R-CT"
"327","bunny","med","Drain2RetiredCT",6.125,"D2-R-CT","SS + SI","D2-R-CT"
"328","walnut","high","Drain2RetiredCT",29.7777777777778,"D2-R-CT","SS + SI","D2-R-CT"
"329","walnut","low","Drain2RetiredCT",4.625,"D2-R-CT","SS + SI","D2-R-CT"
"330","walnut","med","Drain2RetiredCT",7.25,"D2-R-CT","SS + SI","D2-R-CT"
"331","lettuce","high","Drain2RetiredCT",38.4444444444444,"D2-R-CT","SS + SI","D2-R-CT"
"332","lettuce","low","Drain2RetiredCT",8.125,"D2-R-CT","SS + SI","D2-R-CT"
"333","lettuce","med","Drain2RetiredCT",12,"D2-R-CT","SS + SI","D2-R-CT"
"334","cardinal","high","Drain2RetiredCT",22.1111111111111,"D2-R-CT","SS + SI","D2-R-CT"
"335","cardinal","low","Drain2RetiredCT",3.875,"D2-R-CT","SS + SI","D2-R-CT"
"336","cardinal","med","Drain2RetiredCT",5.625,"D2-R-CT","SS + SI","D2-R-CT"
"337","hen","high","Drain2RetiredCT",22.1111111111111,"D2-R-CT","SS + SI","D2-R-CT"
"338","hen","low","Drain2RetiredCT",5,"D2-R-CT","SS + SI","D2-R-CT"
"339","hen","med","Drain2RetiredCT",7.875,"D2-R-CT","SS + SI","D2-R-CT"
"340","mouth","high","Drain2RetiredCT",16.4444444444444,"D2-R-CT","SS + SI","D2-R-CT"
"341","mouth","low","Drain2RetiredCT",1.875,"D2-R-CT","SS + SI","D2-R-CT"
"342","mouth","med","Drain2RetiredCT",3.75,"D2-R-CT","SS + SI","D2-R-CT"
"343","bunny","high","Drain2RetiredNT",22.1111111111111,"D2-R-NT","SS + SI","D2-R-NT"
"344","bunny","low","Drain2RetiredNT",4.125,"D2-R-NT","SS + SI","D2-R-NT"
"345","bunny","med","Drain2RetiredNT",5.75,"D2-R-NT","SS + SI","D2-R-NT"
"346","walnut","high","Drain2RetiredNT",25.6666666666667,"D2-R-NT","SS + SI","D2-R-NT"
"347","walnut","low","Drain2RetiredNT",4.375,"D2-R-NT","SS + SI","D2-R-NT"
"348","walnut","med","Drain2RetiredNT",6.875,"D2-R-NT","SS + SI","D2-R-NT"
"349","lettuce","high","Drain2RetiredNT",32.1111111111111,"D2-R-NT","SS + SI","D2-R-NT"
"350","lettuce","low","Drain2RetiredNT",7.875,"D2-R-NT","SS + SI","D2-R-NT"
"351","lettuce","med","Drain2RetiredNT",11.5,"D2-R-NT","SS + SI","D2-R-NT"
"352","cardinal","high","Drain2RetiredNT",19.8888888888889,"D2-R-NT","SS + SI","D2-R-NT"
"353","cardinal","low","Drain2RetiredNT",4.375,"D2-R-NT","SS + SI","D2-R-NT"
"354","cardinal","med","Drain2RetiredNT",5.5,"D2-R-NT","SS + SI","D2-R-NT"
"355","hen","high","Drain2RetiredNT",18.1111111111111,"D2-R-NT","SS + SI","D2-R-NT"
"356","hen","low","Drain2RetiredNT",4.625,"D2-R-NT","SS + SI","D2-R-NT"
"357","hen","med","Drain2RetiredNT",7.5,"D2-R-NT","SS + SI","D2-R-NT"
"358","mouth","high","Drain2RetiredNT",14.4444444444444,"D2-R-NT","SS + SI","D2-R-NT"
"359","mouth","low","Drain2RetiredNT",1.75,"D2-R-NT","SS + SI","D2-R-NT"
"360","mouth","med","Drain2RetiredNT",3,"D2-R-NT","SS + SI","D2-R-NT"
"361","bunny","high","Drain2RetiredAll",11.7777777777778,"D2-R-R","SS + SI","D2-R-R"
"362","bunny","low","Drain2RetiredAll",1,"D2-R-R","SS + SI","D2-R-R"
"363","bunny","med","Drain2RetiredAll",1.625,"D2-R-R","SS + SI","D2-R-R"
"364","walnut","high","Drain2RetiredAll",16.4444444444444,"D2-R-R","SS + SI","D2-R-R"
"365","walnut","low","Drain2RetiredAll",1.25,"D2-R-R","SS + SI","D2-R-R"
"366","walnut","med","Drain2RetiredAll",2.75,"D2-R-R","SS + SI","D2-R-R"
"367","lettuce","high","Drain2RetiredAll",18.5555555555556,"D2-R-R","SS + SI","D2-R-R"
"368","lettuce","low","Drain2RetiredAll",1.5,"D2-R-R","SS + SI","D2-R-R"
"369","lettuce","med","Drain2RetiredAll",3.625,"D2-R-R","SS + SI","D2-R-R"
"370","cardinal","high","Drain2RetiredAll",16.4444444444444,"D2-R-R","SS + SI","D2-R-R"
"371","cardinal","low","Drain2RetiredAll",2.25,"D2-R-R","SS + SI","D2-R-R"
"372","cardinal","med","Drain2RetiredAll",3.875,"D2-R-R","SS + SI","D2-R-R"
"373","hen","high","Drain2RetiredAll",7,"D2-R-R","SS + SI","D2-R-R"
"374","hen","low","Drain2RetiredAll",0.75,"D2-R-R","SS + SI","D2-R-R"
"375","hen","med","Drain2RetiredAll",1.875,"D2-R-R","SS + SI","D2-R-R"
"376","mouth","high","Drain2RetiredAll",7.22222222222222,"D2-R-R","SS + SI","D2-R-R"
"377","mouth","low","Drain2RetiredAll",0.375,"D2-R-R","SS + SI","D2-R-R"
"378","mouth","med","Drain2RetiredAll",1,"D2-R-R","SS + SI","D2-R-R"
"379","bunny","high","Drain03",19.5555555555556,"D3-CS-CV","SS + Multiple SI","D3-CS-CV"
"380","bunny","low","Drain03",2.25,"D3-CS-CV","SS + Multiple SI","D3-CS-CV"
"381","bunny","med","Drain03",4.75,"D3-CS-CV","SS + Multiple SI","D3-CS-CV"
"382","walnut","high","Drain03",23.3333333333333,"D3-CS-CV","SS + Multiple SI","D3-CS-CV"
"383","walnut","low","Drain03",2.625,"D3-CS-CV","SS + Multiple SI","D3-CS-CV"
"384","walnut","med","Drain03",5.625,"D3-CS-CV","SS + Multiple SI","D3-CS-CV"
"385","lettuce","high","Drain03",30.5555555555556,"D3-CS-CV","SS + Multiple SI","D3-CS-CV"
"386","lettuce","low","Drain03",5.875,"D3-CS-CV","SS + Multiple SI","D3-CS-CV"
"387","lettuce","med","Drain03",9.25,"D3-CS-CV","SS + Multiple SI","D3-CS-CV"
"388","cardinal","high","Drain03",16.5555555555556,"D3-CS-CV","SS + Multiple SI","D3-CS-CV"
"389","cardinal","low","Drain03",1.75,"D3-CS-CV","SS + Multiple SI","D3-CS-CV"
"390","cardinal","med","Drain03",4.5,"D3-CS-CV","SS + Multiple SI","D3-CS-CV"
"391","hen","high","Drain03",14.8888888888889,"D3-CS-CV","SS + Multiple SI","D3-CS-CV"
"392","hen","low","Drain03",2.5,"D3-CS-CV","SS + Multiple SI","D3-CS-CV"
"393","hen","med","Drain03",4.625,"D3-CS-CV","SS + Multiple SI","D3-CS-CV"
"394","mouth","high","Drain03",11.8888888888889,"D3-CS-CV","SS + Multiple SI","D3-CS-CV"
"395","mouth","low","Drain03",1.25,"D3-CS-CV","SS + Multiple SI","D3-CS-CV"
"396","mouth","med","Drain03",3,"D3-CS-CV","SS + Multiple SI","D3-CS-CV"
"397","bunny","high","ConTillDrain03",18,"D3-CS-CT","SS + Multiple SI","D3-CS-CT"
"398","bunny","low","ConTillDrain03",2.25,"D3-CS-CT","SS + Multiple SI","D3-CS-CT"
"399","bunny","med","ConTillDrain03",4.25,"D3-CS-CT","SS + Multiple SI","D3-CS-CT"
"400","walnut","high","ConTillDrain03",21.3333333333333,"D3-CS-CT","SS + Multiple SI","D3-CS-CT"
"401","walnut","low","ConTillDrain03",3.25,"D3-CS-CT","SS + Multiple SI","D3-CS-CT"
"402","walnut","med","ConTillDrain03",5,"D3-CS-CT","SS + Multiple SI","D3-CS-CT"
"403","lettuce","high","ConTillDrain03",27.7777777777778,"D3-CS-CT","SS + Multiple SI","D3-CS-CT"
"404","lettuce","low","ConTillDrain03",6,"D3-CS-CT","SS + Multiple SI","D3-CS-CT"
"405","lettuce","med","ConTillDrain03",8.25,"D3-CS-CT","SS + Multiple SI","D3-CS-CT"
"406","cardinal","high","ConTillDrain03",15.8888888888889,"D3-CS-CT","SS + Multiple SI","D3-CS-CT"
"407","cardinal","low","ConTillDrain03",2,"D3-CS-CT","SS + Multiple SI","D3-CS-CT"
"408","cardinal","med","ConTillDrain03",3.875,"D3-CS-CT","SS + Multiple SI","D3-CS-CT"
"409","hen","high","ConTillDrain03",14.5555555555556,"D3-CS-CT","SS + Multiple SI","D3-CS-CT"
"410","hen","low","ConTillDrain03",2.5,"D3-CS-CT","SS + Multiple SI","D3-CS-CT"
"411","hen","med","ConTillDrain03",4.5,"D3-CS-CT","SS + Multiple SI","D3-CS-CT"
"412","mouth","high","ConTillDrain03",12,"D3-CS-CT","SS + Multiple SI","D3-CS-CT"
"413","mouth","low","ConTillDrain03",1.125,"D3-CS-CT","SS + Multiple SI","D3-CS-CT"
"414","mouth","med","ConTillDrain03",3.125,"D3-CS-CT","SS + Multiple SI","D3-CS-CT"
"415","bunny","high","Drain3Retired",19.1111111111111,"D3-R-CV","SS + Multiple SI","D3-R-CV"
"416","bunny","low","Drain3Retired",2.25,"D3-R-CV","SS + Multiple SI","D3-R-CV"
"417","bunny","med","Drain3Retired",4.25,"D3-R-CV","SS + Multiple SI","D3-R-CV"
"418","walnut","high","Drain3Retired",22.3333333333333,"D3-R-CV","SS + Multiple SI","D3-R-CV"
"419","walnut","low","Drain3Retired",2.375,"D3-R-CV","SS + Multiple SI","D3-R-CV"
"420","walnut","med","Drain3Retired",4.875,"D3-R-CV","SS + Multiple SI","D3-R-CV"
"421","lettuce","high","Drain3Retired",29.1111111111111,"D3-R-CV","SS + Multiple SI","D3-R-CV"
"422","lettuce","low","Drain3Retired",5,"D3-R-CV","SS + Multiple SI","D3-R-CV"
"423","lettuce","med","Drain3Retired",7.875,"D3-R-CV","SS + Multiple SI","D3-R-CV"
"424","cardinal","high","Drain3Retired",15.3333333333333,"D3-R-CV","SS + Multiple SI","D3-R-CV"
"425","cardinal","low","Drain3Retired",1.625,"D3-R-CV","SS + Multiple SI","D3-R-CV"
"426","cardinal","med","Drain3Retired",4.375,"D3-R-CV","SS + Multiple SI","D3-R-CV"
"427","hen","high","Drain3Retired",14.8888888888889,"D3-R-CV","SS + Multiple SI","D3-R-CV"
"428","hen","low","Drain3Retired",2.5,"D3-R-CV","SS + Multiple SI","D3-R-CV"
"429","hen","med","Drain3Retired",4.625,"D3-R-CV","SS + Multiple SI","D3-R-CV"
"430","mouth","high","Drain3Retired",9.44444444444444,"D3-R-CV","SS + Multiple SI","D3-R-CV"
"431","mouth","low","Drain3Retired",0.875,"D3-R-CV","SS + Multiple SI","D3-R-CV"
"432","mouth","med","Drain3Retired",1.875,"D3-R-CV","SS + Multiple SI","D3-R-CV"
"433","bunny","high","Drain3NT",14.1111111111111,"D3-CS-NT","SS + Multiple SI","D3-CS-NT"
"434","bunny","low","Drain3NT",2.25,"D3-CS-NT","SS + Multiple SI","D3-CS-NT"
"435","bunny","med","Drain3NT",3.5,"D3-CS-NT","SS + Multiple SI","D3-CS-NT"
"436","walnut","high","Drain3NT",18.1111111111111,"D3-CS-NT","SS + Multiple SI","D3-CS-NT"
"437","walnut","low","Drain3NT",3.75,"D3-CS-NT","SS + Multiple SI","D3-CS-NT"
"438","walnut","med","Drain3NT",4.375,"D3-CS-NT","SS + Multiple SI","D3-CS-NT"
"439","lettuce","high","Drain3NT",23.4444444444444,"D3-CS-NT","SS + Multiple SI","D3-CS-NT"
"440","lettuce","low","Drain3NT",6,"D3-CS-NT","SS + Multiple SI","D3-CS-NT"
"441","lettuce","med","Drain3NT",8.25,"D3-CS-NT","SS + Multiple SI","D3-CS-NT"
"442","cardinal","high","Drain3NT",14.3333333333333,"D3-CS-NT","SS + Multiple SI","D3-CS-NT"
"443","cardinal","low","Drain3NT",2.625,"D3-CS-NT","SS + Multiple SI","D3-CS-NT"
"444","cardinal","med","Drain3NT",3.25,"D3-CS-NT","SS + Multiple SI","D3-CS-NT"
"445","hen","high","Drain3NT",11.5555555555556,"D3-CS-NT","SS + Multiple SI","D3-CS-NT"
"446","hen","low","Drain3NT",2.5,"D3-CS-NT","SS + Multiple SI","D3-CS-NT"
"447","hen","med","Drain3NT",3.875,"D3-CS-NT","SS + Multiple SI","D3-CS-NT"
"448","mouth","high","Drain3NT",9.66666666666667,"D3-CS-NT","SS + Multiple SI","D3-CS-NT"
"449","mouth","low","Drain3NT",1.125,"D3-CS-NT","SS + Multiple SI","D3-CS-NT"
"450","mouth","med","Drain3NT",2.625,"D3-CS-NT","SS + Multiple SI","D3-CS-NT"
"451","bunny","high","Drain3RetiredCT",17.2222222222222,"D3-R-CT","SS + Multiple SI","D3-R-CT"
"452","bunny","low","Drain3RetiredCT",2.125,"D3-R-CT","SS + Multiple SI","D3-R-CT"
"453","bunny","med","Drain3RetiredCT",3.875,"D3-R-CT","SS + Multiple SI","D3-R-CT"
"454","walnut","high","Drain3RetiredCT",20.2222222222222,"D3-R-CT","SS + Multiple SI","D3-R-CT"
"455","walnut","low","Drain3RetiredCT",2.25,"D3-R-CT","SS + Multiple SI","D3-R-CT"
"456","walnut","med","Drain3RetiredCT",4.25,"D3-R-CT","SS + Multiple SI","D3-R-CT"
"457","lettuce","high","Drain3RetiredCT",25.7777777777778,"D3-R-CT","SS + Multiple SI","D3-R-CT"
"458","lettuce","low","Drain3RetiredCT",5.25,"D3-R-CT","SS + Multiple SI","D3-R-CT"
"459","lettuce","med","Drain3RetiredCT",7.125,"D3-R-CT","SS + Multiple SI","D3-R-CT"
"460","cardinal","high","Drain3RetiredCT",13.7777777777778,"D3-R-CT","SS + Multiple SI","D3-R-CT"
"461","cardinal","low","Drain3RetiredCT",1.625,"D3-R-CT","SS + Multiple SI","D3-R-CT"
"462","cardinal","med","Drain3RetiredCT",3.625,"D3-R-CT","SS + Multiple SI","D3-R-CT"
"463","hen","high","Drain3RetiredCT",14.5555555555556,"D3-R-CT","SS + Multiple SI","D3-R-CT"
"464","hen","low","Drain3RetiredCT",2.5,"D3-R-CT","SS + Multiple SI","D3-R-CT"
"465","hen","med","Drain3RetiredCT",4.5,"D3-R-CT","SS + Multiple SI","D3-R-CT"
"466","mouth","high","Drain3RetiredCT",10.3333333333333,"D3-R-CT","SS + Multiple SI","D3-R-CT"
"467","mouth","low","Drain3RetiredCT",0.875,"D3-R-CT","SS + Multiple SI","D3-R-CT"
"468","mouth","med","Drain3RetiredCT",2.125,"D3-R-CT","SS + Multiple SI","D3-R-CT"
"469","bunny","high","Drain3RetiredNT",14.1111111111111,"D3-R-NT","SS + Multiple SI","D3-R-NT"
"470","bunny","low","Drain3RetiredNT",2.125,"D3-R-NT","SS + Multiple SI","D3-R-NT"
"471","bunny","med","Drain3RetiredNT",3.25,"D3-R-NT","SS + Multiple SI","D3-R-NT"
"472","walnut","high","Drain3RetiredNT",17.5555555555556,"D3-R-NT","SS + Multiple SI","D3-R-NT"
"473","walnut","low","Drain3RetiredNT",2.5,"D3-R-NT","SS + Multiple SI","D3-R-NT"
"474","walnut","med","Drain3RetiredNT",3.5,"D3-R-NT","SS + Multiple SI","D3-R-NT"
"475","lettuce","high","Drain3RetiredNT",22.1111111111111,"D3-R-NT","SS + Multiple SI","D3-R-NT"
"476","lettuce","low","Drain3RetiredNT",4.875,"D3-R-NT","SS + Multiple SI","D3-R-NT"
"477","lettuce","med","Drain3RetiredNT",6.875,"D3-R-NT","SS + Multiple SI","D3-R-NT"
"478","cardinal","high","Drain3RetiredNT",12.8888888888889,"D3-R-NT","SS + Multiple SI","D3-R-NT"
"479","cardinal","low","Drain3RetiredNT",2.375,"D3-R-NT","SS + Multiple SI","D3-R-NT"
"480","cardinal","med","Drain3RetiredNT",3.125,"D3-R-NT","SS + Multiple SI","D3-R-NT"
"481","hen","high","Drain3RetiredNT",11.5555555555556,"D3-R-NT","SS + Multiple SI","D3-R-NT"
"482","hen","low","Drain3RetiredNT",2.5,"D3-R-NT","SS + Multiple SI","D3-R-NT"
"483","hen","med","Drain3RetiredNT",3.875,"D3-R-NT","SS + Multiple SI","D3-R-NT"
"484","mouth","high","Drain3RetiredNT",9,"D3-R-NT","SS + Multiple SI","D3-R-NT"
"485","mouth","low","Drain3RetiredNT",0.75,"D3-R-NT","SS + Multiple SI","D3-R-NT"
"486","mouth","med","Drain3RetiredNT",2,"D3-R-NT","SS + Multiple SI","D3-R-NT"
"487","bunny","high","Drain3RetiredAll",7.11111111111111,"D3-R-R","SS + Multiple SI","D3-R-R"
"488","bunny","low","Drain3RetiredAll",0.625,"D3-R-R","SS + Multiple SI","D3-R-R"
"489","bunny","med","Drain3RetiredAll",1.25,"D3-R-R","SS + Multiple SI","D3-R-R"
"490","walnut","high","Drain3RetiredAll",10.8888888888889,"D3-R-R","SS + Multiple SI","D3-R-R"
"491","walnut","low","Drain3RetiredAll",0.875,"D3-R-R","SS + Multiple SI","D3-R-R"
"492","walnut","med","Drain3RetiredAll",1.625,"D3-R-R","SS + Multiple SI","D3-R-R"
"493","lettuce","high","Drain3RetiredAll",12.8888888888889,"D3-R-R","SS + Multiple SI","D3-R-R"
"494","lettuce","low","Drain3RetiredAll",1,"D3-R-R","SS + Multiple SI","D3-R-R"
"495","lettuce","med","Drain3RetiredAll",1.875,"D3-R-R","SS + Multiple SI","D3-R-R"
"496","cardinal","high","Drain3RetiredAll",10.6666666666667,"D3-R-R","SS + Multiple SI","D3-R-R"
"497","cardinal","low","Drain3RetiredAll",1,"D3-R-R","SS + Multiple SI","D3-R-R"
"498","cardinal","med","Drain3RetiredAll",2,"D3-R-R","SS + Multiple SI","D3-R-R"
"499","hen","high","Drain3RetiredAll",4.88888888888889,"D3-R-R","SS + Multiple SI","D3-R-R"
"500","hen","low","Drain3RetiredAll",0.375,"D3-R-R","SS + Multiple SI","D3-R-R"
"501","hen","med","Drain3RetiredAll",1.25,"D3-R-R","SS + Multiple SI","D3-R-R"
"502","mouth","high","Drain3RetiredAll",4.88888888888889,"D3-R-R","SS + Multiple SI","D3-R-R"
"503","mouth","low","Drain3RetiredAll",0.25,"D3-R-R","SS + Multiple SI","D3-R-R"
"504","mouth","med","Drain3RetiredAll",0.375,"D3-R-R","SS + Multiple SI","D3-R-R"
