Month,Pothole,scen,avg.max,median.max
1,Bunny,ConTillDrain01,1268.186952,0
1,Bunny,ConTillDrain02,298.2201165,0
1,Bunny,ConTillDrain03,0,0
1,Bunny,ConTillRetired,2925.998196,0
1,Bunny,Drain0,2790.064943,0
1,Bunny,Drain01,681.2635917,0
1,Bunny,Drain02,82.35895343,0
1,Bunny,Drain03,0,0
1,Bunny,Drain0CT,3139.832389,0
1,Bunny,Drain0NT,3452.375486,0
1,Bunny,Drain1NT,1804.339267,0
1,Bunny,Drain1Retired,562.2093684,0
1,Bunny,Drain1RetiredAll,0,0
1,Bunny,Drain1RetiredCT,1011.810255,0
1,Bunny,Drain1RetiredNT,1586.99118,0
1,Bunny,Drain2NT,757.6763272,0
1,Bunny,Drain2Retired,3.72583757,0
1,Bunny,Drain2RetiredAll,0,0
1,Bunny,Drain2RetiredCT,107.0043663,0
1,Bunny,Drain2RetiredNT,542.3405243,0
1,Bunny,Drain3NT,0,0
1,Bunny,Drain3Retired,0,0
1,Bunny,Drain3RetiredAll,0,0
1,Bunny,Drain3RetiredCT,0,0
1,Bunny,Drain3RetiredNT,0,0
1,Bunny,NoTillRetired,3190.304229,0
1,Bunny,RetiredAll,0,0
1,Bunny,RetiredPothole,2626.998652,0
1,Cardinal,ConTillDrain01,306.0482878,0
1,Cardinal,ConTillDrain02,38.11237762,0
1,Cardinal,ConTillDrain03,0,0
1,Cardinal,ConTillRetired,1143.027716,0
1,Cardinal,Drain0,1057.068414,0
1,Cardinal,Drain01,91.14276652,0
1,Cardinal,Drain02,0,0
1,Cardinal,Drain03,0,0
1,Cardinal,Drain0CT,1318.379976,0
1,Cardinal,Drain0NT,1577.499336,0
1,Cardinal,Drain1NT,661.4274109,0
1,Cardinal,Drain1Retired,54.62127716,0
1,Cardinal,Drain1RetiredAll,0,0
1,Cardinal,Drain1RetiredCT,182.5588103,0
1,Cardinal,Drain1RetiredNT,526.9712209,0
1,Cardinal,Drain2NT,315.7405538,0
1,Cardinal,Drain2Retired,0,0
1,Cardinal,Drain2RetiredAll,0,0
1,Cardinal,Drain2RetiredCT,0,0
1,Cardinal,Drain2RetiredNT,133.1395304,0
1,Cardinal,Drain3NT,0,0
1,Cardinal,Drain3Retired,0,0
1,Cardinal,Drain3RetiredAll,0,0
1,Cardinal,Drain3RetiredCT,0,0
1,Cardinal,Drain3RetiredNT,0,0
1,Cardinal,NoTillRetired,1402.133806,0
1,Cardinal,RetiredAll,195.1767022,0
1,Cardinal,RetiredPothole,916.2159235,0
1,Hen,ConTillDrain01,184.2087882,0
1,Hen,ConTillDrain02,51.55989518,0
1,Hen,ConTillDrain03,0,0
1,Hen,ConTillRetired,466.4481944,0
1,Hen,Drain0,463.0858958,0
1,Hen,Drain01,180.6435274,0
1,Hen,Drain02,49.2075762,0
1,Hen,Drain03,0,0
1,Hen,Drain0CT,466.4481944,0
1,Hen,Drain0NT,485.2929581,0
1,Hen,Drain1NT,207.0322639,0
1,Hen,Drain1Retired,179.8997416,0
1,Hen,Drain1RetiredAll,0,0
1,Hen,Drain1RetiredCT,184.2087882,0
1,Hen,Drain1RetiredNT,207.0322639,0
1,Hen,Drain2NT,78.71015149,0
1,Hen,Drain2Retired,49.1283831,0
1,Hen,Drain2RetiredAll,0,0
1,Hen,Drain2RetiredCT,51.55989518,0
1,Hen,Drain2RetiredNT,78.71015149,0
1,Hen,Drain3NT,0,0
1,Hen,Drain3Retired,0,0
1,Hen,Drain3RetiredAll,0,0
1,Hen,Drain3RetiredCT,0,0
1,Hen,Drain3RetiredNT,0,0
1,Hen,NoTillRetired,485.2929581,0
1,Hen,RetiredAll,0,0
1,Hen,RetiredPothole,462.4948483,0
1,Lettuce,ConTillDrain01,960.686248,0
1,Lettuce,ConTillDrain02,713.4560276,0
1,Lettuce,ConTillDrain03,285.0463481,0
1,Lettuce,ConTillRetired,1859.860776,0
1,Lettuce,Drain0,1874.563578,0
1,Lettuce,Drain01,791.8542239,0
1,Lettuce,Drain02,445.5031794,0
1,Lettuce,Drain03,156.9111153,0
1,Lettuce,Drain0CT,2213.403751,0
1,Lettuce,Drain0NT,2464.424477,0
1,Lettuce,Drain1NT,1112.538149,0
1,Lettuce,Drain1Retired,686.2412978,0
1,Lettuce,Drain1RetiredAll,0,0
1,Lettuce,Drain1RetiredCT,819.9380321,0
1,Lettuce,Drain1RetiredNT,950.8379904,0
1,Lettuce,Drain2NT,906.7351671,0
1,Lettuce,Drain2Retired,304.0485431,0
1,Lettuce,Drain2RetiredAll,0,0
1,Lettuce,Drain2RetiredCT,516.1174507,0
1,Lettuce,Drain2RetiredNT,722.8688189,0
1,Lettuce,Drain3NT,562.5256765,0
1,Lettuce,Drain3Retired,6.506838154,0
1,Lettuce,Drain3RetiredAll,0,0
1,Lettuce,Drain3RetiredCT,160.6738621,0
1,Lettuce,Drain3RetiredNT,325.9087488,0
1,Lettuce,NoTillRetired,2083.205929,0
1,Lettuce,RetiredAll,0,0
1,Lettuce,RetiredPothole,1693.46455,0
1,Mouth,ConTillDrain01,195.0664184,0
1,Mouth,ConTillDrain02,0,0
1,Mouth,ConTillDrain03,0,0
1,Mouth,ConTillRetired,42.19128,0
1,Mouth,Drain0,262.8684008,0
1,Mouth,Drain01,166.0594189,0
1,Mouth,Drain02,0,0
1,Mouth,Drain03,0,0
1,Mouth,Drain0CT,278.3524005,0
1,Mouth,Drain0NT,531.5795732,0
1,Mouth,Drain1NT,358.657523,0
1,Mouth,Drain1Retired,0,0
1,Mouth,Drain1RetiredAll,0,0
1,Mouth,Drain1RetiredCT,0,0
1,Mouth,Drain1RetiredNT,29.524704,0
1,Mouth,Drain2NT,0,0
1,Mouth,Drain2Retired,0,0
1,Mouth,Drain2RetiredAll,0,0
1,Mouth,Drain2RetiredCT,0,0
1,Mouth,Drain2RetiredNT,0,0
1,Mouth,Drain3NT,0,0
1,Mouth,Drain3Retired,0,0
1,Mouth,Drain3RetiredAll,0,0
1,Mouth,Drain3RetiredCT,0,0
1,Mouth,Drain3RetiredNT,0,0
1,Mouth,NoTillRetired,190.0860866,0
1,Mouth,RetiredAll,0,0
1,Mouth,RetiredPothole,29.96592,0
1,Walnut,ConTillDrain01,782.4139567,0
1,Walnut,ConTillDrain02,366.6092598,0
1,Walnut,ConTillDrain03,0,0
1,Walnut,ConTillRetired,1376.315978,0
1,Walnut,Drain0,1420.269045,0
1,Walnut,Drain01,518.0967162,0
1,Walnut,Drain02,149.0535844,0
1,Walnut,Drain03,0,0
1,Walnut,Drain0CT,1579.983533,0
1,Walnut,Drain0NT,1738.335168,0
1,Walnut,Drain1NT,988.925952,0
1,Walnut,Drain1Retired,332.625881,0
1,Walnut,Drain1RetiredAll,0,0
1,Walnut,Drain1RetiredCT,661.1192931,0
1,Walnut,Drain1RetiredNT,806.710641,0
1,Walnut,Drain2NT,780.6450766,0
1,Walnut,Drain2Retired,46.35875165,0
1,Walnut,Drain2RetiredAll,0,0
1,Walnut,Drain2RetiredCT,128.3409792,0
1,Walnut,Drain2RetiredNT,396.0163331,0
1,Walnut,Drain3NT,102.3640925,0
1,Walnut,Drain3Retired,0,0
1,Walnut,Drain3RetiredAll,0,0
1,Walnut,Drain3RetiredCT,0,0
1,Walnut,Drain3RetiredNT,0,0
1,Walnut,NoTillRetired,1472.8574,0
1,Walnut,RetiredAll,0,0
1,Walnut,RetiredPothole,1272.501919,0
2,Bunny,ConTillDrain01,3577.688111,0
2,Bunny,ConTillDrain02,2356.741977,0
2,Bunny,ConTillDrain03,471.6471371,0
2,Bunny,ConTillRetired,5228.414404,0
2,Bunny,Drain0,4920.64131,0
2,Bunny,Drain01,3021.923757,0
2,Bunny,Drain02,1098.877316,0
2,Bunny,Drain03,451.7455496,0
2,Bunny,Drain0CT,5493.40559,0
2,Bunny,Drain0NT,6083.365246,0
2,Bunny,Drain1NT,4334.619134,0
2,Bunny,Drain1Retired,2812.62724,0
2,Bunny,Drain1RetiredAll,0,0
2,Bunny,Drain1RetiredCT,3261.5955,0
2,Bunny,Drain1RetiredNT,3755.336386,0
2,Bunny,Drain2NT,2912.198301,0
2,Bunny,Drain2Retired,776.388494,0
2,Bunny,Drain2RetiredAll,0,0
2,Bunny,Drain2RetiredCT,1671.782628,0
2,Bunny,Drain2RetiredNT,2330.968777,0
2,Bunny,Drain3NT,783.7001692,0
2,Bunny,Drain3Retired,383.2980891,0
2,Bunny,Drain3RetiredAll,0,0
2,Bunny,Drain3RetiredCT,402.4797293,0
2,Bunny,Drain3RetiredNT,532.0615656,0
2,Bunny,NoTillRetired,5676.973198,0
2,Bunny,RetiredAll,0,0
2,Bunny,RetiredPothole,4730.359425,0
2,Cardinal,ConTillDrain01,1252.994325,0
2,Cardinal,ConTillDrain02,708.822463,0
2,Cardinal,ConTillDrain03,229.8320635,0
2,Cardinal,ConTillRetired,1992.023137,0
2,Cardinal,Drain0,1847.264211,0
2,Cardinal,Drain01,779.1903365,0
2,Cardinal,Drain02,279.9989644,0
2,Cardinal,Drain03,189.7469043,0
2,Cardinal,Drain0CT,2214.293381,0
2,Cardinal,Drain0NT,2792.942903,1424.514355
2,Cardinal,Drain1NT,1675.536816,0
2,Cardinal,Drain1Retired,587.5559371,0
2,Cardinal,Drain1RetiredAll,0,0
2,Cardinal,Drain1RetiredCT,961.107104,0
2,Cardinal,Drain1RetiredNT,1411.048027,0
2,Cardinal,Drain2NT,1070.095432,0
2,Cardinal,Drain2Retired,222.6181059,0
2,Cardinal,Drain2RetiredAll,0,0
2,Cardinal,Drain2RetiredCT,454.4308237,0
2,Cardinal,Drain2RetiredNT,757.7360962,0
2,Cardinal,Drain3NT,405.2296434,0
2,Cardinal,Drain3Retired,155.4234226,0
2,Cardinal,Drain3RetiredAll,0,0
2,Cardinal,Drain3RetiredCT,156.6452572,0
2,Cardinal,Drain3RetiredNT,325.3299585,0
2,Cardinal,NoTillRetired,2517.720601,825.2835352
2,Cardinal,RetiredAll,432.307941,0
2,Cardinal,RetiredPothole,1538.915113,0
2,Hen,ConTillDrain01,485.0911684,0
2,Hen,ConTillDrain02,209.3151214,0
2,Hen,ConTillDrain03,14.15017346,0
2,Hen,ConTillRetired,1046.853619,0
2,Hen,Drain0,1038.428298,0
2,Hen,Drain01,476.3669863,0
2,Hen,Drain02,205.613213,0
2,Hen,Drain03,14.15017346,0
2,Hen,Drain0CT,1046.853619,0
2,Hen,Drain0NT,1106.469878,264.7041439
2,Hen,Drain1NT,554.1177075,0
2,Hen,Drain1Retired,474.8920848,0
2,Hen,Drain1RetiredAll,0,0
2,Hen,Drain1RetiredCT,485.0911684,0
2,Hen,Drain1RetiredNT,554.1177075,0
2,Hen,Drain2NT,240.8310955,0
2,Hen,Drain2Retired,203.6473378,0
2,Hen,Drain2RetiredAll,0,0
2,Hen,Drain2RetiredCT,209.3151214,0
2,Hen,Drain2RetiredNT,240.8310955,0
2,Hen,Drain3NT,20.36411547,0
2,Hen,Drain3Retired,14.15017346,0
2,Hen,Drain3RetiredAll,0,0
2,Hen,Drain3RetiredCT,14.15017346,0
2,Hen,Drain3RetiredNT,20.36411547,0
2,Hen,NoTillRetired,1106.469878,264.7041439
2,Hen,RetiredAll,0,0
2,Hen,RetiredPothole,1037.252732,0
2,Lettuce,ConTillDrain01,2506.152184,0
2,Lettuce,ConTillDrain02,1820.831441,0
2,Lettuce,ConTillDrain03,1269.404846,0
2,Lettuce,ConTillRetired,3170.260135,0
2,Lettuce,Drain0,3161.075728,0
2,Lettuce,Drain01,2081.126403,0
2,Lettuce,Drain02,1499.420102,0
2,Lettuce,Drain03,865.7088265,0
2,Lettuce,Drain0CT,3575.025205,746.0099429
2,Lettuce,Drain0NT,4055.938781,3508.190618
2,Lettuce,Drain1NT,2994.170318,0
2,Lettuce,Drain1Retired,1730.103684,0
2,Lettuce,Drain1RetiredAll,0,0
2,Lettuce,Drain1RetiredCT,2084.004119,0
2,Lettuce,Drain1RetiredNT,2483.614566,0
2,Lettuce,Drain2NT,2238.976933,0
2,Lettuce,Drain2Retired,1252.61168,0
2,Lettuce,Drain2RetiredAll,0,0
2,Lettuce,Drain2RetiredCT,1453.89544,0
2,Lettuce,Drain2RetiredNT,1773.525659,0
2,Lettuce,Drain3NT,1455.309325,0
2,Lettuce,Drain3Retired,506.2367195,0
2,Lettuce,Drain3RetiredAll,0,0
2,Lettuce,Drain3RetiredCT,821.3258817,0
2,Lettuce,Drain3RetiredNT,1060.49434,0
2,Lettuce,NoTillRetired,3591.24598,2634.528468
2,Lettuce,RetiredAll,148.7172147,0
2,Lettuce,RetiredPothole,2861.779831,0
2,Mouth,ConTillDrain01,1364.228116,0
2,Mouth,ConTillDrain02,548.3494879,0
2,Mouth,ConTillDrain03,250.4788032,0
2,Mouth,ConTillRetired,988.477862,0
2,Mouth,Drain0,1593.558834,0
2,Mouth,Drain01,1282.500578,0
2,Mouth,Drain02,494.5968153,0
2,Mouth,Drain03,249.4097286,0
2,Mouth,Drain0CT,1649.064004,0
2,Mouth,Drain0NT,1904.24242,0
2,Mouth,Drain1NT,1687.305314,0
2,Mouth,Drain1Retired,290.0261505,0
2,Mouth,Drain1RetiredAll,0,0
2,Mouth,Drain1RetiredCT,637.6077142,0
2,Mouth,Drain1RetiredNT,921.2874595,0
2,Mouth,Drain2NT,821.0225253,0
2,Mouth,Drain2Retired,213.6086958,0
2,Mouth,Drain2RetiredAll,0,0
2,Mouth,Drain2RetiredCT,262.2809158,0
2,Mouth,Drain2RetiredNT,318.7649974,0
2,Mouth,Drain3NT,250.6235609,0
2,Mouth,Drain3Retired,53.51701964,0
2,Mouth,Drain3RetiredAll,0,0
2,Mouth,Drain3RetiredCT,154.7262261,0
2,Mouth,Drain3RetiredNT,154.9376531,0
2,Mouth,NoTillRetired,1260.752922,0
2,Mouth,RetiredAll,0,0
2,Mouth,RetiredPothole,923.4134996,0
2,Walnut,ConTillDrain01,1996.877518,0
2,Walnut,ConTillDrain02,1515.377071,0
2,Walnut,ConTillDrain03,578.2747477,0
2,Walnut,ConTillRetired,2269.674546,0
2,Walnut,Drain0,2225.429701,0
2,Walnut,Drain01,1606.152059,0
2,Walnut,Drain02,1064.804773,0
2,Walnut,Drain03,273.5435391,0
2,Walnut,Drain0CT,2568.811564,0
2,Walnut,Drain0NT,2853.837369,0
2,Walnut,Drain1NT,2375.224816,0
2,Walnut,Drain1Retired,1392.806226,0
2,Walnut,Drain1RetiredAll,0,0
2,Walnut,Drain1RetiredCT,1588.223613,0
2,Walnut,Drain1RetiredNT,1852.959647,0
2,Walnut,Drain2NT,1780.23636,0
2,Walnut,Drain2Retired,522.2402901,0
2,Walnut,Drain2RetiredAll,0,0
2,Walnut,Drain2RetiredCT,1033.766782,0
2,Walnut,Drain2RetiredNT,1269.195214,0
2,Walnut,Drain3NT,1178.590771,0
2,Walnut,Drain3Retired,212.6339711,0
2,Walnut,Drain3RetiredAll,0,0
2,Walnut,Drain3RetiredCT,216.6558633,0
2,Walnut,Drain3RetiredNT,328.2669007,0
2,Walnut,NoTillRetired,2408.912443,0
2,Walnut,RetiredAll,0,0
2,Walnut,RetiredPothole,2034.180824,0
3,Bunny,ConTillDrain01,6982.052266,0
3,Bunny,ConTillDrain02,5121.483871,0
3,Bunny,ConTillDrain03,3765.145549,0
3,Bunny,ConTillRetired,9147.348678,3482.022137
3,Bunny,Drain0,8654.73623,3271.586198
3,Bunny,Drain01,6093.759062,0
3,Bunny,Drain02,4567.738564,0
3,Bunny,Drain03,3004.82726,0
3,Bunny,Drain0CT,9668.285465,6142.198582
3,Bunny,Drain0NT,11148.96663,7894.286339
3,Bunny,Drain1NT,7854.58974,0
3,Bunny,Drain1Retired,5663.41645,0
3,Bunny,Drain1RetiredAll,586.4587868,0
3,Bunny,Drain1RetiredCT,6464.861893,0
3,Bunny,Drain1RetiredNT,7341.455103,0
3,Bunny,Drain2NT,5763.918401,0
3,Bunny,Drain2Retired,4374.729379,0
3,Bunny,Drain2RetiredAll,0,0
3,Bunny,Drain2RetiredCT,4794.736114,0
3,Bunny,Drain2RetiredNT,5186.34732,0
3,Bunny,Drain3NT,4309.766454,0
3,Bunny,Drain3Retired,2723.965622,0
3,Bunny,Drain3RetiredAll,0,0
3,Bunny,Drain3RetiredCT,3340.428276,0
3,Bunny,Drain3RetiredNT,3957.982137,0
3,Bunny,NoTillRetired,10379.34835,7478.829683
3,Bunny,RetiredAll,1661.827906,0
3,Bunny,RetiredPothole,8242.768692,2115.441912
3,Cardinal,ConTillDrain01,2358.799656,0
3,Cardinal,ConTillDrain02,1748.006704,0
3,Cardinal,ConTillDrain03,1185.824454,0
3,Cardinal,ConTillRetired,3371.377086,2181.837023
3,Cardinal,Drain0,3238.558432,2098.642655
3,Cardinal,Drain01,1976.429482,0
3,Cardinal,Drain02,1350.010615,0
3,Cardinal,Drain03,791.8475947,0
3,Cardinal,Drain0CT,3813.702933,2504.699708
3,Cardinal,Drain0NT,4452.388924,3261.466956
3,Cardinal,Drain1NT,2790.389414,0
3,Cardinal,Drain1Retired,1693.062716,0
3,Cardinal,Drain1RetiredAll,649.2529617,0
3,Cardinal,Drain1RetiredCT,2100.528787,0
3,Cardinal,Drain1RetiredNT,2509.705303,0
3,Cardinal,Drain2NT,2175.010962,0
3,Cardinal,Drain2Retired,1134.185663,0
3,Cardinal,Drain2RetiredAll,250.0442547,0
3,Cardinal,Drain2RetiredCT,1495.696081,0
3,Cardinal,Drain2RetiredNT,1843.587887,0
3,Cardinal,Drain3NT,1460.864277,0
3,Cardinal,Drain3Retired,571.1898671,0
3,Cardinal,Drain3RetiredAll,0,0
3,Cardinal,Drain3RetiredCT,889.9686221,0
3,Cardinal,Drain3RetiredNT,1209.418912,0
3,Cardinal,NoTillRetired,4073.172347,2743.993963
3,Cardinal,RetiredAll,1544.752721,0
3,Cardinal,RetiredPothole,3029.494624,2146.477409
3,Hen,ConTillDrain01,1100.375433,330.5132148
3,Hen,ConTillDrain02,784.1245415,0
3,Hen,ConTillDrain03,506.6690689,0
3,Hen,ConTillRetired,1770.90148,1910.291475
3,Hen,Drain0,1755.691456,1910.291475
3,Hen,Drain01,1075.062859,330.5132148
3,Hen,Drain02,778.089254,0
3,Hen,Drain03,502.1480553,0
3,Hen,Drain0CT,1770.90148,1910.291475
3,Hen,Drain0NT,1893.356071,2005.56502
3,Hen,Drain1NT,1218.547882,701.6372317
3,Hen,Drain1Retired,1071.984632,330.5132148
3,Hen,Drain1RetiredAll,0,0
3,Hen,Drain1RetiredCT,1100.375433,330.5132148
3,Hen,Drain1RetiredNT,1218.547882,701.6372317
3,Hen,Drain2NT,840.369273,0
3,Hen,Drain2Retired,777.4332766,0
3,Hen,Drain2RetiredAll,0,0
3,Hen,Drain2RetiredCT,784.1245415,0
3,Hen,Drain2RetiredNT,840.369273,0
3,Hen,Drain3NT,580.8757698,0
3,Hen,Drain3Retired,501.7998509,0
3,Hen,Drain3RetiredAll,0,0
3,Hen,Drain3RetiredCT,506.6690689,0
3,Hen,Drain3RetiredNT,580.8757698,0
3,Hen,NoTillRetired,1893.356071,2005.56502
3,Hen,RetiredAll,122.8700377,0
3,Hen,RetiredPothole,1752.947974,1910.291475
3,Lettuce,ConTillDrain01,4538.835596,3565.2103
3,Lettuce,ConTillDrain02,3643.368501,362.8083956
3,Lettuce,ConTillDrain03,2838.182588,0
3,Lettuce,ConTillRetired,5576.366316,4728.350292
3,Lettuce,Drain0,5549.4835,4479.867481
3,Lettuce,Drain01,3934.657887,1205.042595
3,Lettuce,Drain02,3169.025353,0
3,Lettuce,Drain03,2402.120248,0
3,Lettuce,Drain0CT,6170.788101,5466.172165
3,Lettuce,Drain0NT,7038.197899,6478.740679
3,Lettuce,Drain1NT,5324.348597,4938.760385
3,Lettuce,Drain1Retired,3507.011472,0
3,Lettuce,Drain1RetiredAll,660.6276323,0
3,Lettuce,Drain1RetiredCT,3914.059951,2207.313984
3,Lettuce,Drain1RetiredNT,4537.634349,3882.35375
3,Lettuce,Drain2NT,4276.662646,3583.524177
3,Lettuce,Drain2Retired,2814.738501,0
3,Lettuce,Drain2RetiredAll,384.0114465,0
3,Lettuce,Drain2RetiredCT,3102.192294,0
3,Lettuce,Drain2RetiredNT,3606.39066,1589.126594
3,Lettuce,Drain3NT,3242.027532,0
3,Lettuce,Drain3Retired,2006.918032,0
3,Lettuce,Drain3RetiredAll,220.9960706,0
3,Lettuce,Drain3RetiredCT,2279.253974,0
3,Lettuce,Drain3RetiredNT,2544.854629,0
3,Lettuce,NoTillRetired,6212.928685,5682.493193
3,Lettuce,RetiredAll,1414.791594,0
3,Lettuce,RetiredPothole,5074.907874,3996.68819
3,Mouth,ConTillDrain01,2920.07121,0
3,Mouth,ConTillDrain02,1952.255044,0
3,Mouth,ConTillDrain03,1019.338493,0
3,Mouth,ConTillRetired,2333.998239,0
3,Mouth,Drain0,3209.296246,0
3,Mouth,Drain01,2846.894672,0
3,Mouth,Drain02,1886.628406,0
3,Mouth,Drain03,926.7162073,0
3,Mouth,Drain0CT,3284.472717,0
3,Mouth,Drain0NT,3736.323414,2328.902816
3,Mouth,Drain1NT,3265.039631,0
3,Mouth,Drain1Retired,1644.42547,0
3,Mouth,Drain1RetiredAll,0,0
3,Mouth,Drain1RetiredCT,2041.232956,0
3,Mouth,Drain1RetiredNT,2257.503105,0
3,Mouth,Drain2NT,2234.78835,0
3,Mouth,Drain2Retired,901.6414665,0
3,Mouth,Drain2RetiredAll,0,0
3,Mouth,Drain2RetiredCT,1399.269835,0
3,Mouth,Drain2RetiredNT,1621.824215,0
3,Mouth,Drain3NT,1395.802617,0
3,Mouth,Drain3Retired,419.4935431,0
3,Mouth,Drain3RetiredAll,0,0
3,Mouth,Drain3RetiredCT,510.5883318,0
3,Mouth,Drain3RetiredNT,726.501656,0
3,Mouth,NoTillRetired,2672.613075,0
3,Mouth,RetiredAll,96.76177767,0
3,Mouth,RetiredPothole,2289.72184,0
3,Walnut,ConTillDrain01,3408.719221,0
3,Walnut,ConTillDrain02,2787.324437,0
3,Walnut,ConTillDrain03,2077.34587,0
3,Walnut,ConTillRetired,3669.75527,0
3,Walnut,Drain0,3833.556263,1595.476954
3,Walnut,Drain01,3041.310452,0
3,Walnut,Drain02,2364.436679,0
3,Walnut,Drain03,1821.011698,0
3,Walnut,Drain0CT,4273.506608,3684.308042
3,Walnut,Drain0NT,5059.120586,4395.355265
3,Walnut,Drain1NT,3776.484903,0
3,Walnut,Drain1Retired,2600.786542,0
3,Walnut,Drain1RetiredAll,483.9053902,0
3,Walnut,Drain1RetiredCT,2923.805032,0
3,Walnut,Drain1RetiredNT,3173.951095,0
3,Walnut,Drain2NT,3208.724423,0
3,Walnut,Drain2Retired,2054.514982,0
3,Walnut,Drain2RetiredAll,343.4930693,0
3,Walnut,Drain2RetiredCT,2225.529867,0
3,Walnut,Drain2RetiredNT,2461.524302,0
3,Walnut,Drain3NT,2339.601318,0
3,Walnut,Drain3Retired,1497.551128,0
3,Walnut,Drain3RetiredAll,0,0
3,Walnut,Drain3RetiredCT,1732.716969,0
3,Walnut,Drain3RetiredNT,1930.421921,0
3,Walnut,NoTillRetired,4131.744639,2384.430144
3,Walnut,RetiredAll,1075.203801,0
3,Walnut,RetiredPothole,3443.995679,0
4,Bunny,ConTillDrain01,14415.08487,13768.93974
4,Bunny,ConTillDrain02,12027.33378,10113.4949
4,Bunny,ConTillDrain03,9950.052378,0
4,Bunny,ConTillRetired,16785.43889,18530.01082
4,Bunny,Drain0,16239.55588,17958.94118
4,Bunny,Drain01,13393.33122,12019.63173
4,Bunny,Drain02,11119.54027,7137.44832
4,Bunny,Drain03,8848.885776,0
4,Bunny,Drain0CT,17402.75823,18969.33995
4,Bunny,Drain0NT,18594.54688,19917.61075
4,Bunny,Drain1NT,15502.05396,15454.04616
4,Bunny,Drain1Retired,13048.50044,11240.69023
4,Bunny,Drain1RetiredAll,5470.638613,0
4,Bunny,Drain1RetiredCT,13880.2678,12844.68184
4,Bunny,Drain1RetiredNT,14823.77927,14323.58079
4,Bunny,Drain2NT,13072.77299,12298.49578
4,Bunny,Drain2Retired,10910.83517,6559.145619
4,Bunny,Drain2RetiredAll,4662.235015,0
4,Bunny,Drain2RetiredCT,11698.77612,9340.128626
4,Bunny,Drain2RetiredNT,12458.83637,11343.34966
4,Bunny,Drain3NT,11117.0279,6288.006618
4,Bunny,Drain3Retired,8508.182274,0
4,Bunny,Drain3RetiredAll,3347.581486,0
4,Bunny,Drain3RetiredCT,9640.204467,0
4,Bunny,Drain3RetiredNT,10557.11903,2143.675951
4,Bunny,NoTillRetired,17867.17034,19243.43946
4,Bunny,RetiredAll,7094.463295,0
4,Bunny,RetiredPothole,15883.88662,17649.74571
4,Cardinal,ConTillDrain01,4870.426834,4890.211003
4,Cardinal,ConTillDrain02,3920.102654,3099.322395
4,Cardinal,ConTillDrain03,2960.022494,0
4,Cardinal,ConTillRetired,5933.24802,6374.030533
4,Cardinal,Drain0,5776.731669,6299.334007
4,Cardinal,Drain01,4338.827747,4090.51101
4,Cardinal,Drain02,3363.689478,0
4,Cardinal,Drain03,2552.132023,0
4,Cardinal,Drain0CT,6311.176944,6946.642363
4,Cardinal,Drain0NT,6775.303175,7364.421146
4,Cardinal,Drain1NT,5379.620007,5522.434474
4,Cardinal,Drain1Retired,3924.518794,3088.150516
4,Cardinal,Drain1RetiredAll,2930.281006,0
4,Cardinal,Drain1RetiredCT,4482.496661,4156.26572
4,Cardinal,Drain1RetiredNT,4958.56878,4756.764402
4,Cardinal,Drain2NT,4460.253119,4211.274172
4,Cardinal,Drain2Retired,3081.258074,0
4,Cardinal,Drain2RetiredAll,2461.848374,0
4,Cardinal,Drain2RetiredCT,3528.486816,2138.108396
4,Cardinal,Drain2RetiredNT,4036.362689,3269.982229
4,Cardinal,Drain3NT,3633.893514,1856.160457
4,Cardinal,Drain3Retired,2387.000643,0
4,Cardinal,Drain3RetiredAll,2066.433843,0
4,Cardinal,Drain3RetiredCT,2587.519982,0
4,Cardinal,Drain3RetiredNT,3243.0177,0
4,Cardinal,NoTillRetired,6384.320132,6853.114112
4,Cardinal,RetiredAll,4069.841057,3266.97886
4,Cardinal,RetiredPothole,5463.871627,5779.852621
4,Hen,ConTillDrain01,2043.186045,2453.194056
4,Hen,ConTillDrain02,1826.260289,2030.932663
4,Hen,ConTillDrain03,1434.666373,1048.541553
4,Hen,ConTillRetired,2697.72359,3005.600449
4,Hen,Drain0,2672.600691,2993.656884
4,Hen,Drain01,2030.920503,2450.058535
4,Hen,Drain02,1813.412824,2026.842566
4,Hen,Drain03,1422.700364,1031.905803
4,Hen,Drain0CT,2697.72359,3005.600449
4,Hen,Drain0NT,2829.816113,3078.683898
4,Hen,Drain1NT,2127.916489,2517.991443
4,Hen,Drain1Retired,2027.652998,2448.933983
4,Hen,Drain1RetiredAll,714.1377693,0
4,Hen,Drain1RetiredCT,2043.186045,2453.194056
4,Hen,Drain1RetiredNT,2127.916489,2517.991443
4,Hen,Drain2NT,1918.327034,2113.572161
4,Hen,Drain2Retired,1809.504093,2025.396543
4,Hen,Drain2RetiredAll,577.2683187,0
4,Hen,Drain2RetiredCT,1826.260289,2030.932663
4,Hen,Drain2RetiredNT,1918.327034,2113.572161
4,Hen,Drain3NT,1578.802918,1259.014192
4,Hen,Drain3Retired,1417.839541,1026.034362
4,Hen,Drain3RetiredAll,332.4388837,0
4,Hen,Drain3RetiredCT,1434.666373,1048.541553
4,Hen,Drain3RetiredNT,1578.802918,1259.014192
4,Hen,NoTillRetired,2829.816113,3078.683898
4,Hen,RetiredAll,945.1192887,0
4,Hen,RetiredPothole,2668.7224,2993.243606
4,Lettuce,ConTillDrain01,8017.052645,8138.247827
4,Lettuce,ConTillDrain02,7221.722295,6715.073833
4,Lettuce,ConTillDrain03,6156.07757,5412.850942
4,Lettuce,ConTillRetired,8914.229334,9045.53034
4,Lettuce,Drain0,8832.351487,8936.915464
4,Lettuce,Drain01,7392.339975,7596.414894
4,Lettuce,Drain02,6696.75019,5772.663395
4,Lettuce,Drain03,5500.789788,4042.223172
4,Lettuce,Drain0CT,9548.941639,9582.420305
4,Lettuce,Drain0NT,10474.24771,10167.33227
4,Lettuce,Drain1NT,8726.049693,8574.12733
4,Lettuce,Drain1Retired,6981.554308,7066.866673
4,Lettuce,Drain1RetiredAll,3075.146433,0
4,Lettuce,Drain1RetiredCT,7386.379268,7621.003478
4,Lettuce,Drain1RetiredNT,7908.930053,7989.412043
4,Lettuce,Drain2NT,7827.817015,7546.937155
4,Lettuce,Drain2Retired,6211.171687,5117.910864
4,Lettuce,Drain2RetiredAll,2538.253973,0
4,Lettuce,Drain2RetiredCT,6677.934105,6024.417985
4,Lettuce,Drain2RetiredNT,7166.890874,6700.224185
4,Lettuce,Drain3NT,6846.495513,6379.370364
4,Lettuce,Drain3Retired,5053.334467,3299.228814
4,Lettuce,Drain3RetiredAll,2013.579869,0
4,Lettuce,Drain3RetiredCT,5507.293578,4562.173408
4,Lettuce,Drain3RetiredNT,5993.364959,5395.123173
4,Lettuce,NoTillRetired,9557.720263,9414.515177
4,Lettuce,RetiredAll,4314.022826,3977.303767
4,Lettuce,RetiredPothole,8322.306479,8583.457559
4,Mouth,ConTillDrain01,5843.081145,4339.840116
4,Mouth,ConTillDrain02,4778.005985,364.4628
4,Mouth,ConTillDrain03,3450.782258,0
4,Mouth,ConTillRetired,5280.632072,3618.19199
4,Mouth,Drain0,6281.09673,5280.682948
4,Mouth,Drain01,5751.478281,4151.400629
4,Mouth,Drain02,4674.789356,0
4,Mouth,Drain03,3390.321856,0
4,Mouth,Drain0CT,6400.494192,5436.816235
4,Mouth,Drain0NT,7050.564124,5980.557924
4,Mouth,Drain1NT,6558.670707,5408.661275
4,Mouth,Drain1Retired,4412.13938,340.5636
4,Mouth,Drain1RetiredAll,1405.06527,0
4,Mouth,Drain1RetiredCT,4947.561438,2676.62423
4,Mouth,Drain1RetiredNT,5382.697047,3817.887031
4,Mouth,Drain2NT,5400.361282,3162.548261
4,Mouth,Drain2Retired,3302.687052,0
4,Mouth,Drain2RetiredAll,963.0883292,0
4,Mouth,Drain2RetiredCT,3965.977852,0
4,Mouth,Drain2RetiredNT,4442.765878,0
4,Mouth,Drain3NT,4008.374287,0
4,Mouth,Drain3Retired,2400.199402,0
4,Mouth,Drain3RetiredAll,705.9952289,0
4,Mouth,Drain3RetiredCT,2839.039657,0
4,Mouth,Drain3RetiredNT,3235.246241,0
4,Mouth,NoTillRetired,5753.439279,4547.773052
4,Mouth,RetiredAll,1525.904343,0
4,Mouth,RetiredPothole,5191.291712,3446.475635
4,Walnut,ConTillDrain01,6568.012699,7498.477352
4,Walnut,ConTillDrain02,5819.603614,5676.101292
4,Walnut,ConTillDrain03,4828.248862,3977.150929
4,Walnut,ConTillRetired,6758.080681,7829.403591
4,Walnut,Drain0,6974.250861,7898.213401
4,Walnut,Drain01,6157.002944,6960.319724
4,Walnut,Drain02,5404.384293,5043.537189
4,Walnut,Drain03,4329.638784,0
4,Walnut,Drain0CT,7472.716404,8496.72202
4,Walnut,Drain0NT,7939.130046,8922.160396
4,Walnut,Drain1NT,6992.423797,7919.414695
4,Walnut,Drain1Retired,5699.441929,6488.747561
4,Walnut,Drain1RetiredAll,2879.034003,0
4,Walnut,Drain1RetiredCT,5965.074089,6883.21335
4,Walnut,Drain1RetiredNT,6216.401906,7199.526013
4,Walnut,Drain2NT,6232.728457,6701.016028
4,Walnut,Drain2Retired,4823.987236,4439.823632
4,Walnut,Drain2RetiredAll,2490.723697,0
4,Walnut,Drain2RetiredCT,5223.789654,5077.815513
4,Walnut,Drain2RetiredNT,5560.52936,5632.88936
4,Walnut,Drain3NT,5227.508192,5130.436392
4,Walnut,Drain3Retired,4100.538576,0
4,Walnut,Drain3RetiredAll,2087.523317,0
4,Walnut,Drain3RetiredCT,4425.307014,1438.719879
4,Walnut,Drain3RetiredNT,4782.327361,4015.737286
4,Walnut,NoTillRetired,7059.597955,8112.406899
4,Walnut,RetiredAll,3796.43748,966.3815278
4,Walnut,RetiredPothole,6463.745911,7581.366606
5,Bunny,ConTillDrain01,18104.92832,16333.05098
5,Bunny,ConTillDrain02,16023.69082,13508.23177
5,Bunny,ConTillDrain03,12932.11457,8760.378124
5,Bunny,ConTillRetired,20893.35227,19096.84743
5,Bunny,Drain0,20168.29515,19512.9227
5,Bunny,Drain01,17164.13414,14831.65224
5,Bunny,Drain02,14928.60626,11982.67955
5,Bunny,Drain03,11854.77591,5233.204175
5,Bunny,Drain0CT,21357.00595,19706.16462
5,Bunny,Drain0NT,22906.98449,20744.00961
5,Bunny,Drain1NT,19374.51715,18110.27075
5,Bunny,Drain1Retired,16663.90595,14223.25961
5,Bunny,Drain1RetiredAll,8092.93122,0
5,Bunny,Drain1RetiredCT,17647.87291,15461.8356
5,Bunny,Drain1RetiredNT,18764.10348,17161.04044
5,Bunny,Drain2NT,17318.15374,14685.5851
5,Bunny,Drain2Retired,14374.90144,11214.84466
5,Bunny,Drain2RetiredAll,7136.11953,0
5,Bunny,Drain2RetiredCT,15490.5534,12692.13236
5,Bunny,Drain2RetiredNT,16550.37711,13668.22345
5,Bunny,Drain3NT,14181.48193,10564.26361
5,Bunny,Drain3Retired,11385.73053,1773.071215
5,Bunny,Drain3RetiredAll,5862.740271,0
5,Bunny,Drain3RetiredCT,12540.23603,7232.198148
5,Bunny,Drain3RetiredNT,13678.07959,9024.986554
5,Bunny,NoTillRetired,22246.99336,20292.58307
5,Bunny,RetiredAll,10478.37189,5802.974933
5,Bunny,RetiredPothole,19808.80576,18900.38686
5,Cardinal,ConTillDrain01,5867.955421,5811.771609
5,Cardinal,ConTillDrain02,5000.483821,4454.049794
5,Cardinal,ConTillDrain03,4048.816698,2211.1803
5,Cardinal,ConTillRetired,7141.004646,7862.450091
5,Cardinal,Drain0,7010.659336,7580.364648
5,Cardinal,Drain01,5478.237956,5319.433816
5,Cardinal,Drain02,4559.351054,4027.571937
5,Cardinal,Drain03,3654.487944,1567.070657
5,Cardinal,Drain0CT,7548.557974,8151.238873
5,Cardinal,Drain0NT,8350.273004,8226.859218
5,Cardinal,Drain1NT,6524.937143,6359.720354
5,Cardinal,Drain1Retired,5182.650663,4901.609839
5,Cardinal,Drain1RetiredAll,3972.095011,2617.49183
5,Cardinal,Drain1RetiredCT,5505.092069,5001.11343
5,Cardinal,Drain1RetiredNT,6088.278754,6038.004655
5,Cardinal,Drain2NT,5711.401213,5174.584409
5,Cardinal,Drain2Retired,4308.365612,3469.735818
5,Cardinal,Drain2RetiredAll,3291.271605,0
5,Cardinal,Drain2RetiredCT,4580.045326,3604.904749
5,Cardinal,Drain2RetiredNT,5238.041749,4418.21991
5,Cardinal,Drain3NT,4675.24731,3317.492496
5,Cardinal,Drain3Retired,3368.504522,477.6324883
5,Cardinal,Drain3RetiredAll,2658.188045,0
5,Cardinal,Drain3RetiredCT,3786.097188,2361.990798
5,Cardinal,Drain3RetiredNT,4329.684802,2160.327792
5,Cardinal,NoTillRetired,7935.298628,7941.627318
5,Cardinal,RetiredAll,5387.194959,5114.622818
5,Cardinal,RetiredPothole,6641.862807,7238.435214
5,Hen,ConTillDrain01,2708.899457,2804.558409
5,Hen,ConTillDrain02,2388.614573,2468.138372
5,Hen,ConTillDrain03,1898.904143,1827.530897
5,Hen,ConTillRetired,3216.822712,3440.573959
5,Hen,Drain0,3192.047983,3447.486395
5,Hen,Drain01,2695.641541,2767.059622
5,Hen,Drain02,2374.578898,2422.627767
5,Hen,Drain03,1875.055452,1759.854671
5,Hen,Drain0CT,3216.822712,3440.573959
5,Hen,Drain0NT,3360.589145,3537.734061
5,Hen,Drain1NT,2815.351058,3002.450729
5,Hen,Drain1Retired,2691.780494,2751.38577
5,Hen,Drain1RetiredAll,926.271775,0
5,Hen,Drain1RetiredCT,2708.899457,2804.558409
5,Hen,Drain1RetiredNT,2815.351058,3002.450729
5,Hen,Drain2NT,2494.293155,2704.771496
5,Hen,Drain2Retired,2370.94834,2403.534534
5,Hen,Drain2RetiredAll,786.3665415,0
5,Hen,Drain2RetiredCT,2388.614573,2468.138372
5,Hen,Drain2RetiredNT,2494.293155,2704.771496
5,Hen,Drain3NT,2067.60605,2162.813744
5,Hen,Drain3Retired,1871.949529,1731.197939
5,Hen,Drain3RetiredAll,599.6013241,0
5,Hen,Drain3RetiredCT,1898.904143,1827.530897
5,Hen,Drain3RetiredNT,2067.60605,2162.813744
5,Hen,NoTillRetired,3360.589145,3537.734061
5,Hen,RetiredAll,1376.265433,926.9537905
5,Hen,RetiredPothole,3188.168864,3431.43094
5,Lettuce,ConTillDrain01,9571.775621,9383.206329
5,Lettuce,ConTillDrain02,8694.176553,8381.682838
5,Lettuce,ConTillDrain03,7831.894295,6344.556057
5,Lettuce,ConTillRetired,10840.944,10601.66607
5,Lettuce,Drain0,10609.04886,10545.14954
5,Lettuce,Drain01,8975.998397,9052.143118
5,Lettuce,Drain02,8137.407073,7012.023059
5,Lettuce,Drain03,7251.093905,5710.681638
5,Lettuce,Drain0CT,11426.77779,11362.69105
5,Lettuce,Drain0NT,12550.06381,11716.6741
5,Lettuce,Drain1NT,10522.32174,10182.48199
5,Lettuce,Drain1Retired,8556.217045,8099.124107
5,Lettuce,Drain1RetiredAll,4535.909116,0
5,Lettuce,Drain1RetiredCT,9072.795394,8817.692865
5,Lettuce,Drain1RetiredNT,9768.25738,9118.580506
5,Lettuce,Drain2NT,9594.025253,8928.776593
5,Lettuce,Drain2Retired,7768.187337,6245.011747
5,Lettuce,Drain2RetiredAll,4038.699375,0
5,Lettuce,Drain2RetiredCT,8202.912226,6921.064102
5,Lettuce,Drain2RetiredNT,8794.390997,7944.184895
5,Lettuce,Drain3NT,8554.434899,7593.042117
5,Lettuce,Drain3Retired,6723.338251,4840.500601
5,Lettuce,Drain3RetiredAll,3476.103544,0
5,Lettuce,Drain3RetiredCT,7297.992708,5531.562826
5,Lettuce,Drain3RetiredNT,7910.608974,6524.57514
5,Lettuce,NoTillRetired,11676.92352,10975.22981
5,Lettuce,RetiredAll,5522.614276,3690.42901
5,Lettuce,RetiredPothole,10153.05465,10087.95787
5,Mouth,ConTillDrain01,7576.933973,5771.391658
5,Mouth,ConTillDrain02,6028.839879,3705.246454
5,Mouth,ConTillDrain03,4780.965557,0
5,Mouth,ConTillRetired,7028.664234,5121.353544
5,Mouth,Drain0,7858.247727,6230.614613
5,Mouth,Drain01,7470.271817,5677.09117
5,Mouth,Drain02,5929.02046,3568.950783
5,Mouth,Drain03,4693.636498,0
5,Mouth,Drain0CT,7958.379093,6318.850183
5,Mouth,Drain0NT,8604.835175,7244.403644
5,Mouth,Drain1NT,8252.408857,6750.196742
5,Mouth,Drain1Retired,5742.7943,3431.046667
5,Mouth,Drain1RetiredAll,3181.440878,0
5,Mouth,Drain1RetiredCT,6520.219725,4468.730722
5,Mouth,Drain1RetiredNT,7157.968166,5033.854021
5,Mouth,Drain2NT,6794.941323,5000.703952
5,Mouth,Drain2Retired,4828.980547,0
5,Mouth,Drain2RetiredAll,2550.365955,0
5,Mouth,Drain2RetiredCT,5252.623115,1001.928
5,Mouth,Drain2RetiredNT,5791.084137,2525.510373
5,Mouth,Drain3NT,5324.398992,0
5,Mouth,Drain3Retired,3930.850393,0
5,Mouth,Drain3RetiredAll,1731.536371,0
5,Mouth,Drain3RetiredCT,4203.735653,0
5,Mouth,Drain3RetiredNT,4605.26135,0
5,Mouth,NoTillRetired,7606.275837,5634.525148
5,Mouth,RetiredAll,3371.716618,0
5,Mouth,RetiredPothole,6927.12068,5046.533181
5,Walnut,ConTillDrain01,7957.979221,7776.119946
5,Walnut,ConTillDrain02,7297.272707,6745.199368
5,Walnut,ConTillDrain03,6083.214302,5441.798594
5,Walnut,ConTillRetired,8297.13043,8263.059624
5,Walnut,Drain0,8422.111137,8727.642615
5,Walnut,Drain01,7587.097674,7083.280142
5,Walnut,Drain02,6884.416995,6176.659781
5,Walnut,Drain03,5565.153986,4753.098265
5,Walnut,Drain0CT,8934.833692,9166.054359
5,Walnut,Drain0NT,9765.824277,9244.941804
5,Walnut,Drain1NT,8408.575163,8446.846961
5,Walnut,Drain1Retired,7045.712398,6476.686031
5,Walnut,Drain1RetiredAll,4192.407901,0
5,Walnut,Drain1RetiredCT,7326.39011,7142.341222
5,Walnut,Drain1RetiredNT,7658.701497,7568.680398
5,Walnut,Drain2NT,7790.641179,7529.838007
5,Walnut,Drain2Retired,6142.121564,4365.729642
5,Walnut,Drain2RetiredAll,3627.699631,0
5,Walnut,Drain2RetiredCT,6494.406337,5520.200796
5,Walnut,Drain2RetiredNT,6823.356342,6514.267901
5,Walnut,Drain3NT,6777.571464,6310.849245
5,Walnut,Drain3Retired,5135.886852,0
5,Walnut,Drain3RetiredAll,3204.032282,0
5,Walnut,Drain3RetiredCT,5459.006825,3475.52829
5,Walnut,Drain3RetiredNT,5741.359701,5164.497535
5,Walnut,NoTillRetired,8837.423461,8444.992562
5,Walnut,RetiredAll,4788.684853,1231.662731
5,Walnut,RetiredPothole,7933.094252,8247.597034
6,Bunny,ConTillDrain01,11889.59817,0
6,Bunny,ConTillDrain02,9911.0598,0
6,Bunny,ConTillDrain03,8160.723887,0
6,Bunny,ConTillRetired,16661.84307,11112.06876
6,Bunny,Drain0,18734.04306,14403.73685
6,Bunny,Drain01,14870.44376,10430.51577
6,Bunny,Drain02,12170.73524,0
6,Bunny,Drain03,10447.08409,0
6,Bunny,Drain0CT,16647.065,11075.64812
6,Bunny,Drain0NT,12901.15346,11147.37712
6,Bunny,Drain1NT,8712.943205,0
6,Bunny,Drain1Retired,14837.03621,10478.97529
6,Bunny,Drain1RetiredAll,8714.747892,0
6,Bunny,Drain1RetiredCT,12219.47655,0
6,Bunny,Drain1RetiredNT,9449.995751,0
6,Bunny,Drain2NT,6453.690395,0
6,Bunny,Drain2Retired,12087.49392,0
6,Bunny,Drain2RetiredAll,7459.567345,0
6,Bunny,Drain2RetiredCT,10193.10354,0
6,Bunny,Drain2RetiredNT,7287.267581,0
6,Bunny,Drain3NT,4377.705716,0
6,Bunny,Drain3Retired,10486.85851,0
6,Bunny,Drain3RetiredAll,5565.753085,0
6,Bunny,Drain3RetiredCT,8474.401367,0
6,Bunny,Drain3RetiredNT,4832.01118,0
6,Bunny,NoTillRetired,13253.23877,12271.12171
6,Bunny,RetiredAll,11341.77351,0
6,Bunny,RetiredPothole,18476.00918,14437.96916
6,Cardinal,ConTillDrain01,3866.023049,1296.226442
6,Cardinal,ConTillDrain02,3126.430445,0
6,Cardinal,ConTillDrain03,2473.778468,0
6,Cardinal,ConTillRetired,5624.068249,5970.333808
6,Cardinal,Drain0,6558.715511,8044.283151
6,Cardinal,Drain01,4582.2203,2174.593191
6,Cardinal,Drain02,3969.121638,0
6,Cardinal,Drain03,3474.245628,0
6,Cardinal,Drain0CT,5829.40433,6350.137454
6,Cardinal,Drain0NT,5068.187322,4099.60862
6,Cardinal,Drain1NT,2930.559978,0
6,Cardinal,Drain1Retired,4324.698018,1762.118514
6,Cardinal,Drain1RetiredAll,4407.095925,1709.948641
6,Cardinal,Drain1RetiredCT,3699.545804,892.2894601
6,Cardinal,Drain1RetiredNT,2864.885384,0
6,Cardinal,Drain2NT,2214.734899,0
6,Cardinal,Drain2Retired,3810.417679,0
6,Cardinal,Drain2RetiredAll,3723.70961,0
6,Cardinal,Drain2RetiredCT,3008.120482,0
6,Cardinal,Drain2RetiredNT,2230.530203,0
6,Cardinal,Drain3NT,1646.828509,0
6,Cardinal,Drain3Retired,3271.801326,0
6,Cardinal,Drain3RetiredAll,3155.801642,0
6,Cardinal,Drain3RetiredCT,2373.329001,0
6,Cardinal,Drain3RetiredNT,1647.892228,0
6,Cardinal,NoTillRetired,4969.154809,3744.508132
6,Cardinal,RetiredAll,5726.145586,4555.216469
6,Cardinal,RetiredPothole,6334.849704,7868.30408
6,Hen,ConTillDrain01,1802.522182,1271.373448
6,Hen,ConTillDrain02,1437.188854,0
6,Hen,ConTillDrain03,1168.154547,0
6,Hen,ConTillRetired,2464.78521,2998.780452
6,Hen,Drain0,2502.972341,2953.714802
6,Hen,Drain01,1858.762212,1458.979266
6,Hen,Drain02,1488.16339,0
6,Hen,Drain03,1234.388636,0
6,Hen,Drain0CT,2464.78521,2998.780452
6,Hen,Drain0NT,2067.515586,2039.79926
6,Hen,Drain1NT,1298.836103,0
6,Hen,Drain1Retired,1855.165508,1456.610574
6,Hen,Drain1RetiredAll,966.8048667,0
6,Hen,Drain1RetiredCT,1802.522182,1271.373448
6,Hen,Drain1RetiredNT,1298.836103,0
6,Hen,Drain2NT,951.8363725,0
6,Hen,Drain2Retired,1484.590534,0
6,Hen,Drain2RetiredAll,772.7684425,0
6,Hen,Drain2RetiredCT,1437.188854,0
6,Hen,Drain2RetiredNT,951.8363725,0
6,Hen,Drain3NT,642.8240934,0
6,Hen,Drain3Retired,1230.806371,0
6,Hen,Drain3RetiredAll,609.7430557,0
6,Hen,Drain3RetiredCT,1168.154547,0
6,Hen,Drain3RetiredNT,642.8240934,0
6,Hen,NoTillRetired,2067.515586,2039.79926
6,Hen,RetiredAll,1426.190394,0
6,Hen,RetiredPothole,2499.802939,2945.773502
6,Lettuce,ConTillDrain01,6834.434137,4454.480927
6,Lettuce,ConTillDrain02,5649.197457,1883.600495
6,Lettuce,ConTillDrain03,4495.111077,0
6,Lettuce,ConTillRetired,9092.21116,9162.338086
6,Lettuce,Drain0,10239.0403,10234.30873
6,Lettuce,Drain01,7918.559821,5649.722276
6,Lettuce,Drain02,6894.157357,4502.897237
6,Lettuce,Drain03,5735.090967,1334.035645
6,Lettuce,Drain0CT,9240.931908,8902.026852
6,Lettuce,Drain0NT,7624.042212,6175.203662
6,Lettuce,Drain1NT,5191.882999,3570.109734
6,Lettuce,Drain1Retired,7700.99647,5533.619243
6,Lettuce,Drain1RetiredAll,5058.409931,0
6,Lettuce,Drain1RetiredCT,6677.965507,3528.348837
6,Lettuce,Drain1RetiredNT,5136.907673,0
6,Lettuce,Drain2NT,4152.896972,0
6,Lettuce,Drain2Retired,6715.254042,4359.381285
6,Lettuce,Drain2RetiredAll,4315.690996,0
6,Lettuce,Drain2RetiredCT,5583.286892,258.234211
6,Lettuce,Drain2RetiredNT,4399.449143,0
6,Lettuce,Drain3NT,3140.455669,0
6,Lettuce,Drain3Retired,5556.253735,0
6,Lettuce,Drain3RetiredAll,3696.982275,0
6,Lettuce,Drain3RetiredCT,4568.159017,0
6,Lettuce,Drain3RetiredNT,3369.837277,0
6,Lettuce,NoTillRetired,7634.135863,5993.313408
6,Lettuce,RetiredAll,6345.625306,2273.128443
6,Lettuce,RetiredPothole,9996.856957,9781.939058
6,Mouth,ConTillDrain01,4526.445419,0
6,Mouth,ConTillDrain02,3678.286168,0
6,Mouth,ConTillDrain03,2753.80536,0
6,Mouth,ConTillRetired,4884.138892,0
6,Mouth,Drain0,5212.18977,0
6,Mouth,Drain01,4798.551854,0
6,Mouth,Drain02,3920.654277,0
6,Mouth,Drain03,2932.539285,0
6,Mouth,Drain0CT,5017.967062,0
6,Mouth,Drain0NT,3255.834724,0
6,Mouth,Drain1NT,2894.545105,0
6,Mouth,Drain1Retired,4615.159793,0
6,Mouth,Drain1RetiredAll,2898.671052,0
6,Mouth,Drain1RetiredCT,4484.443638,0
6,Mouth,Drain1RetiredNT,3162.879207,0
6,Mouth,Drain2NT,1867.946644,0
6,Mouth,Drain2Retired,3854.421939,0
6,Mouth,Drain2RetiredAll,2275.608689,0
6,Mouth,Drain2RetiredCT,3643.73901,0
6,Mouth,Drain2RetiredNT,2262.636048,0
6,Mouth,Drain3NT,1121.797462,0
6,Mouth,Drain3Retired,2832.838276,0
6,Mouth,Drain3RetiredAll,1746.689109,0
6,Mouth,Drain3RetiredCT,2716.462507,0
6,Mouth,Drain3RetiredNT,1384.229862,0
6,Mouth,NoTillRetired,3572.610823,0
6,Mouth,RetiredAll,3207.653065,0
6,Mouth,RetiredPothole,4997.821706,0
6,Walnut,ConTillDrain01,5170.460964,0
6,Walnut,ConTillDrain02,4535.200463,0
6,Walnut,ConTillDrain03,3796.65464,0
6,Walnut,ConTillRetired,6685.269676,4598.473907
6,Walnut,Drain0,7640.786765,6240.32042
6,Walnut,Drain01,6490.149151,4865.000395
6,Walnut,Drain02,5371.729854,1517.270677
6,Walnut,Drain03,4796.086864,0
6,Walnut,Drain0CT,6834.098301,5053.637599
6,Walnut,Drain0NT,5243.855028,4850.838853
6,Walnut,Drain1NT,3756.245934,0
6,Walnut,Drain1Retired,6392.011958,4254.397106
6,Walnut,Drain1RetiredAll,4603.961985,0
6,Walnut,Drain1RetiredCT,5458.5118,366.2258695
6,Walnut,Drain1RetiredNT,4602.833245,0
6,Walnut,Drain2NT,3078.757902,0
6,Walnut,Drain2Retired,5299.383912,0
6,Walnut,Drain2RetiredAll,3909.480053,0
6,Walnut,Drain2RetiredCT,4877.634082,0
6,Walnut,Drain2RetiredNT,4026.319053,0
6,Walnut,Drain3NT,2258.08525,0
6,Walnut,Drain3Retired,4678.383454,0
6,Walnut,Drain3RetiredAll,3399.238333,0
6,Walnut,Drain3RetiredCT,4148.430456,0
6,Walnut,Drain3RetiredNT,2934.250727,0
6,Walnut,NoTillRetired,5577.113213,4470.878734
6,Walnut,RetiredAll,5359.594252,654.9345042
6,Walnut,RetiredPothole,7314.961195,5573.68181
7,Bunny,ConTillDrain01,8466.098158,0
7,Bunny,ConTillDrain02,7211.460416,0
7,Bunny,ConTillDrain03,5739.017747,0
7,Bunny,ConTillRetired,11315.51168,0
7,Bunny,Drain0,14669.57828,7654.86779
7,Bunny,Drain01,10870.56506,0
7,Bunny,Drain02,9208.87125,0
7,Bunny,Drain03,7675.09447,0
7,Bunny,Drain0CT,11088.76513,0
7,Bunny,Drain0NT,6898.675309,0
7,Bunny,Drain1NT,4774.898469,0
7,Bunny,Drain1Retired,10763.77407,0
7,Bunny,Drain1RetiredAll,5341.131587,0
7,Bunny,Drain1RetiredCT,8609.13294,0
7,Bunny,Drain1RetiredNT,5270.770524,0
7,Bunny,Drain2NT,3586.414177,0
7,Bunny,Drain2Retired,9240.788588,0
7,Bunny,Drain2RetiredAll,3889.536851,0
7,Bunny,Drain2RetiredCT,7230.158485,0
7,Bunny,Drain2RetiredNT,3876.527549,0
7,Bunny,Drain3NT,2272.055999,0
7,Bunny,Drain3Retired,7540.428797,0
7,Bunny,Drain3RetiredAll,2848.567053,0
7,Bunny,Drain3RetiredCT,5796.309535,0
7,Bunny,Drain3RetiredNT,2724.249775,0
7,Bunny,NoTillRetired,7344.820457,0
7,Bunny,RetiredAll,7917.164295,0
7,Bunny,RetiredPothole,14143.86446,6952.079812
7,Cardinal,ConTillDrain01,2775.413382,0
7,Cardinal,ConTillDrain02,2433.238654,0
7,Cardinal,ConTillDrain03,1866.1175,0
7,Cardinal,ConTillRetired,3933.494437,1690.197742
7,Cardinal,Drain0,5540.212599,4756.584684
7,Cardinal,Drain01,3654.488174,1758.22842
7,Cardinal,Drain02,2989.38985,0
7,Cardinal,Drain03,2560.613285,0
7,Cardinal,Drain0CT,4143.291472,1706.708059
7,Cardinal,Drain0NT,2853.580743,0
7,Cardinal,Drain1NT,1767.936279,0
7,Cardinal,Drain1Retired,3430.106928,1256.178733
7,Cardinal,Drain1RetiredAll,3043.471483,0
7,Cardinal,Drain1RetiredCT,2671.997618,0
7,Cardinal,Drain1RetiredNT,1808.971914,0
7,Cardinal,Drain2NT,1309.556929,0
7,Cardinal,Drain2Retired,2818.769107,0
7,Cardinal,Drain2RetiredAll,2531.309601,0
7,Cardinal,Drain2RetiredCT,2314.365091,0
7,Cardinal,Drain2RetiredNT,1327.246203,0
7,Cardinal,Drain3NT,902.7085056,0
7,Cardinal,Drain3Retired,2377.963428,0
7,Cardinal,Drain3RetiredAll,1728.823628,0
7,Cardinal,Drain3RetiredCT,1753.696908,0
7,Cardinal,Drain3RetiredNT,876.2737651,0
7,Cardinal,NoTillRetired,2807.098938,0
7,Cardinal,RetiredAll,4454.693398,1897.4837
7,Cardinal,RetiredPothole,5235.654564,4309.952381
7,Hen,ConTillDrain01,1274.963872,0
7,Hen,ConTillDrain02,1130.518424,0
7,Hen,ConTillDrain03,867.5385484,0
7,Hen,ConTillRetired,1759.419458,1286.707812
7,Hen,Drain0,1836.526981,1416.794047
7,Hen,Drain01,1337.321573,0
7,Hen,Drain02,1173.58781,0
7,Hen,Drain03,921.8125728,0
7,Hen,Drain0CT,1759.419458,1286.707812
7,Hen,Drain0NT,1197.082449,0
7,Hen,Drain1NT,853.3683927,0
7,Hen,Drain1Retired,1334.437493,0
7,Hen,Drain1RetiredAll,565.4864097,0
7,Hen,Drain1RetiredCT,1274.963872,0
7,Hen,Drain1RetiredNT,853.3683927,0
7,Hen,Drain2NT,647.2791346,0
7,Hen,Drain2Retired,1170.786118,0
7,Hen,Drain2RetiredAll,477.5198439,0
7,Hen,Drain2RetiredCT,1130.518424,0
7,Hen,Drain2RetiredNT,647.2791346,0
7,Hen,Drain3NT,486.6642786,0
7,Hen,Drain3Retired,920.1775948,0
7,Hen,Drain3RetiredAll,318.2090805,0
7,Hen,Drain3RetiredCT,867.5385484,0
7,Hen,Drain3RetiredNT,486.6642786,0
7,Hen,NoTillRetired,1197.082449,0
7,Hen,RetiredAll,1021.826039,0
7,Hen,RetiredPothole,1833.327973,1414.351692
7,Lettuce,ConTillDrain01,4636.431152,0
7,Lettuce,ConTillDrain02,3997.900474,0
7,Lettuce,ConTillDrain03,3467.23768,0
7,Lettuce,ConTillRetired,6673.946594,2625.564962
7,Lettuce,Drain0,9095.027862,6375.616543
7,Lettuce,Drain01,6262.368977,4648.023582
7,Lettuce,Drain02,5331.012959,2646.694782
7,Lettuce,Drain03,4311.504686,0
7,Lettuce,Drain0CT,6793.454838,2913.910486
7,Lettuce,Drain0NT,4245.356386,0
7,Lettuce,Drain1NT,3007.121112,0
7,Lettuce,Drain1Retired,5893.403384,2841.85219
7,Lettuce,Drain1RetiredAll,3335.701283,0
7,Lettuce,Drain1RetiredCT,4642.407092,0
7,Lettuce,Drain1RetiredNT,3125.560008,0
7,Lettuce,Drain2NT,2537.763592,0
7,Lettuce,Drain2Retired,4929.264272,0
7,Lettuce,Drain2RetiredAll,2773.897014,0
7,Lettuce,Drain2RetiredCT,3949.028154,0
7,Lettuce,Drain2RetiredNT,2709.395794,0
7,Lettuce,Drain3NT,2039.48043,0
7,Lettuce,Drain3Retired,4154.963964,0
7,Lettuce,Drain3RetiredAll,2027.217213,0
7,Lettuce,Drain3RetiredCT,3380.797375,0
7,Lettuce,Drain3RetiredNT,2159.765395,0
7,Lettuce,NoTillRetired,4590.302597,0
7,Lettuce,RetiredAll,4727.501513,0
7,Lettuce,RetiredPothole,8752.558734,6272.759863
7,Mouth,ConTillDrain01,3469.20651,0
7,Mouth,ConTillDrain02,2853.384451,0
7,Mouth,ConTillDrain03,2059.487329,0
7,Mouth,ConTillRetired,3371.84417,0
7,Mouth,Drain0,3798.592879,0
7,Mouth,Drain01,3606.912093,0
7,Mouth,Drain02,3037.236831,0
7,Mouth,Drain03,2254.917299,0
7,Mouth,Drain0CT,3654.499705,0
7,Mouth,Drain0NT,2163.124369,0
7,Mouth,Drain1NT,1943.238892,0
7,Mouth,Drain1Retired,3162.130291,0
7,Mouth,Drain1RetiredAll,1507.040523,0
7,Mouth,Drain1RetiredCT,3192.812224,0
7,Mouth,Drain1RetiredNT,1920.623017,0
7,Mouth,Drain2NT,1170.164847,0
7,Mouth,Drain2Retired,2557.435346,0
7,Mouth,Drain2RetiredAll,1011.44852,0
7,Mouth,Drain2RetiredCT,2552.654308,0
7,Mouth,Drain2RetiredNT,1223.929947,0
7,Mouth,Drain3NT,843.3059446,0
7,Mouth,Drain3Retired,1448.753299,0
7,Mouth,Drain3RetiredAll,740.4168526,0
7,Mouth,Drain3RetiredCT,1611.120801,0
7,Mouth,Drain3RetiredNT,821.9363605,0
7,Mouth,NoTillRetired,2145.180812,0
7,Mouth,RetiredAll,1667.96865,0
7,Mouth,RetiredPothole,3493.090583,0
7,Walnut,ConTillDrain01,3600.589681,0
7,Walnut,ConTillDrain02,3243.46019,0
7,Walnut,ConTillDrain03,2820.792644,0
7,Walnut,ConTillRetired,4739.430302,0
7,Walnut,Drain0,5989.594556,4888.215388
7,Walnut,Drain01,4764.667966,625.9947365
7,Walnut,Drain02,4161.553355,0
7,Walnut,Drain03,3519.153155,0
7,Walnut,Drain0CT,4503.999876,0
7,Walnut,Drain0NT,2841.818926,0
7,Walnut,Drain1NT,2215.887132,0
7,Walnut,Drain1Retired,4621.132273,0
7,Walnut,Drain1RetiredAll,2981.201734,0
7,Walnut,Drain1RetiredCT,3976.254448,0
7,Walnut,Drain1RetiredNT,2727.327436,0
7,Walnut,Drain2NT,1590.197889,0
7,Walnut,Drain2Retired,4118.793196,0
7,Walnut,Drain2RetiredAll,2306.306132,0
7,Walnut,Drain2RetiredCT,3337.308855,0
7,Walnut,Drain2RetiredNT,2210.919054,0
7,Walnut,Drain3NT,1158.685015,0
7,Walnut,Drain3Retired,3436.264707,0
7,Walnut,Drain3RetiredAll,1735.294723,0
7,Walnut,Drain3RetiredCT,2885.918052,0
7,Walnut,Drain3RetiredNT,1581.892823,0
7,Walnut,NoTillRetired,3477.095076,0
7,Walnut,RetiredAll,3827.545589,0
7,Walnut,RetiredPothole,5622.007736,2930.840519
8,Bunny,ConTillDrain01,12390.53472,0
8,Bunny,ConTillDrain02,10710.95274,0
8,Bunny,ConTillDrain03,9560.020773,0
8,Bunny,ConTillRetired,14421.31688,10005.02669
8,Bunny,Drain0,18105.11573,12481.32457
8,Bunny,Drain01,14832.23434,7245.109657
8,Bunny,Drain02,13276.15586,0
8,Bunny,Drain03,11541.75777,0
8,Bunny,Drain0CT,14572.59003,9876.079879
8,Bunny,Drain0NT,10106.6338,0
8,Bunny,Drain1NT,8814.116194,0
8,Bunny,Drain1Retired,14459.79604,6973.350252
8,Bunny,Drain1RetiredAll,7638.724963,0
8,Bunny,Drain1RetiredCT,12103.82683,0
8,Bunny,Drain1RetiredNT,8834.600181,0
8,Bunny,Drain2NT,7950.217785,0
8,Bunny,Drain2Retired,12898.01528,0
8,Bunny,Drain2RetiredAll,7091.848055,0
8,Bunny,Drain2RetiredCT,10385.24764,0
8,Bunny,Drain2RetiredNT,7922.595966,0
8,Bunny,Drain3NT,7182.845764,0
8,Bunny,Drain3Retired,10836.50865,0
8,Bunny,Drain3RetiredAll,6156.711347,0
8,Bunny,Drain3RetiredCT,9413.345595,0
8,Bunny,Drain3RetiredNT,7201.573578,0
8,Bunny,NoTillRetired,10166.76291,0
8,Bunny,RetiredAll,9137.34383,0
8,Bunny,RetiredPothole,17703.72645,12355.69501
8,Cardinal,ConTillDrain01,4032.638502,0
8,Cardinal,ConTillDrain02,3654.764094,0
8,Cardinal,ConTillDrain03,3007.136806,0
8,Cardinal,ConTillRetired,4871.815313,2929.226268
8,Cardinal,Drain0,6340.484378,4515.139556
8,Cardinal,Drain01,4583.057656,1293.128013
8,Cardinal,Drain02,4091.031188,0
8,Cardinal,Drain03,3625.428896,0
8,Cardinal,Drain0CT,5076.814675,3308.021832
8,Cardinal,Drain0NT,3947.847489,1304.049187
8,Cardinal,Drain1NT,3067.137189,0
8,Cardinal,Drain1Retired,4295.982982,0
8,Cardinal,Drain1RetiredAll,3062.614968,0
8,Cardinal,Drain1RetiredCT,3910.425803,0
8,Cardinal,Drain1RetiredNT,3022.578527,0
8,Cardinal,Drain2NT,2608.84883,0
8,Cardinal,Drain2Retired,3871.47995,0
8,Cardinal,Drain2RetiredAll,2501.428727,0
8,Cardinal,Drain2RetiredCT,3553.179727,0
8,Cardinal,Drain2RetiredNT,2590.196847,0
8,Cardinal,Drain3NT,2311.970744,0
8,Cardinal,Drain3Retired,3472.495233,0
8,Cardinal,Drain3RetiredAll,2158.238764,0
8,Cardinal,Drain3RetiredCT,2900.818408,0
8,Cardinal,Drain3RetiredNT,2313.542097,0
8,Cardinal,NoTillRetired,3929.277106,1146.172819
8,Cardinal,RetiredAll,4470.845902,3259.648906
8,Cardinal,RetiredPothole,6032.368623,4056.96184
8,Hen,ConTillDrain01,1671.927084,1331.36937
8,Hen,ConTillDrain02,1401.424665,0
8,Hen,ConTillDrain03,1125.330862,0
8,Hen,ConTillRetired,2250.895263,2209.617865
8,Hen,Drain0,2332.177496,2280.521496
8,Hen,Drain01,1731.625202,1454.853379
8,Hen,Drain02,1457.104521,0
8,Hen,Drain03,1177.283821,0
8,Hen,Drain0CT,2250.895263,2209.617865
8,Hen,Drain0NT,1540.131686,1286.309214
8,Hen,Drain1NT,1106.939151,0
8,Hen,Drain1Retired,1731.136421,1454.941292
8,Hen,Drain1RetiredAll,809.7243157,0
8,Hen,Drain1RetiredCT,1671.927084,1331.36937
8,Hen,Drain1RetiredNT,1106.939151,0
8,Hen,Drain2NT,954.4452928,0
8,Hen,Drain2Retired,1456.503924,0
8,Hen,Drain2RetiredAll,725.9231336,0
8,Hen,Drain2RetiredCT,1401.424665,0
8,Hen,Drain2RetiredNT,954.4452928,0
8,Hen,Drain3NT,789.9351656,0
8,Hen,Drain3Retired,1176.322955,0
8,Hen,Drain3RetiredAll,629.144321,0
8,Hen,Drain3RetiredCT,1125.330862,0
8,Hen,Drain3RetiredNT,789.9351656,0
8,Hen,NoTillRetired,1540.131686,1286.309214
8,Hen,RetiredAll,1034.271364,0
8,Hen,RetiredPothole,2330.583887,2280.573199
8,Lettuce,ConTillDrain01,7669.695505,4577.487789
8,Lettuce,ConTillDrain02,7156.742605,3057.684671
8,Lettuce,ConTillDrain03,6360.221549,0
8,Lettuce,ConTillRetired,8836.603982,6124.962318
8,Lettuce,Drain0,11692.05126,7306.493746
8,Lettuce,Drain01,9258.142967,5898.063901
8,Lettuce,Drain02,8147.722292,4803.858532
8,Lettuce,Drain03,7495.434789,2769.701835
8,Lettuce,Drain0CT,9312.124871,6196.163361
8,Lettuce,Drain0NT,6558.46925,3553.554444
8,Lettuce,Drain1NT,5610.000288,0
8,Lettuce,Drain1Retired,8561.843987,5419.024472
8,Lettuce,Drain1RetiredAll,4430.950222,0
8,Lettuce,Drain1RetiredCT,7310.476803,4195.489558
8,Lettuce,Drain1RetiredNT,5432.313886,0
8,Lettuce,Drain2NT,4912.73155,0
8,Lettuce,Drain2Retired,7689.670743,4215.661735
8,Lettuce,Drain2RetiredAll,3885.216109,0
8,Lettuce,Drain2RetiredCT,6729.545386,2399.538193
8,Lettuce,Drain2RetiredNT,4743.313595,0
8,Lettuce,Drain3NT,4353.856111,0
8,Lettuce,Drain3Retired,6904.558643,900.1442286
8,Lettuce,Drain3RetiredAll,3518.341573,0
8,Lettuce,Drain3RetiredCT,5970.823133,0
8,Lettuce,Drain3RetiredNT,4294.521765,0
8,Lettuce,NoTillRetired,6458.86028,3520.351657
8,Lettuce,RetiredAll,5036.645502,0
8,Lettuce,RetiredPothole,11046.95149,7128.859721
8,Mouth,ConTillDrain01,6026.95591,0
8,Mouth,ConTillDrain02,5316.13678,0
8,Mouth,ConTillDrain03,4507.099234,0
8,Mouth,ConTillRetired,5535.743732,0
8,Mouth,Drain0,6390.12669,0
8,Mouth,Drain01,6199.430452,0
8,Mouth,Drain02,5508.782337,0
8,Mouth,Drain03,4626.403439,0
8,Mouth,Drain0CT,6230.277627,0
8,Mouth,Drain0NT,4585.610419,0
8,Mouth,Drain1NT,4433.433652,0
8,Mouth,Drain1Retired,5038.101017,0
8,Mouth,Drain1RetiredAll,3486.276709,0
8,Mouth,Drain1RetiredCT,5312.85265,0
8,Mouth,Drain1RetiredNT,4213.351845,0
8,Mouth,Drain2NT,4002.163181,0
8,Mouth,Drain2Retired,4528.384758,0
8,Mouth,Drain2RetiredAll,2969.84195,0
8,Mouth,Drain2RetiredCT,4660.697274,0
8,Mouth,Drain2RetiredNT,3758.136445,0
8,Mouth,Drain3NT,3477.722216,0
8,Mouth,Drain3Retired,4017.886033,0
8,Mouth,Drain3RetiredAll,2548.969859,0
8,Mouth,Drain3RetiredCT,4139.749304,0
8,Mouth,Drain3RetiredNT,3299.96798,0
8,Mouth,NoTillRetired,4356.836544,0
8,Mouth,RetiredAll,3619.419834,0
8,Mouth,RetiredPothole,5737.292232,0
8,Walnut,ConTillDrain01,5586.116528,0
8,Walnut,ConTillDrain02,5003.029883,0
8,Walnut,ConTillDrain03,4342.649527,0
8,Walnut,ConTillRetired,5987.885747,4465.515087
8,Walnut,Drain0,7714.758463,5275.720443
8,Walnut,Drain01,6458.894277,3318.771215
8,Walnut,Drain02,5967.682645,0
8,Walnut,Drain03,5314.626758,0
8,Walnut,Drain0CT,6183.939896,4218.476971
8,Walnut,Drain0NT,4356.29398,0
8,Walnut,Drain1NT,3942.333543,0
8,Walnut,Drain1Retired,6027.223565,3065.203726
8,Walnut,Drain1RetiredAll,3623.042911,0
8,Walnut,Drain1RetiredCT,5229.265539,0
8,Walnut,Drain1RetiredNT,4075.917668,0
8,Walnut,Drain2NT,3632.612954,0
8,Walnut,Drain2Retired,5519.949444,0
8,Walnut,Drain2RetiredAll,3119.864554,0
8,Walnut,Drain2RetiredCT,4592.319809,0
8,Walnut,Drain2RetiredNT,3675.073676,0
8,Walnut,Drain3NT,3172.823569,0
8,Walnut,Drain3Retired,4734.411801,0
8,Walnut,Drain3RetiredAll,2840.443533,0
8,Walnut,Drain3RetiredCT,4131.410417,0
8,Walnut,Drain3RetiredNT,3159.13169,0
8,Walnut,NoTillRetired,4468.290315,0
8,Walnut,RetiredAll,4106.438641,0
8,Walnut,RetiredPothole,7133.995572,5220.226087
9,Bunny,ConTillDrain01,11677.14953,0
9,Bunny,ConTillDrain02,10148.93512,0
9,Bunny,ConTillDrain03,9305.333859,0
9,Bunny,ConTillRetired,14138.38471,0
9,Bunny,Drain0,17020.74469,2399.893251
9,Bunny,Drain01,13279.68096,0
9,Bunny,Drain02,11908.37618,0
9,Bunny,Drain03,10636.75097,0
9,Bunny,Drain0CT,14413.14845,0
9,Bunny,Drain0NT,10426.65259,0
9,Bunny,Drain1NT,8178.73988,0
9,Bunny,Drain1Retired,12957.83194,0
9,Bunny,Drain1RetiredAll,6751.216034,0
9,Bunny,Drain1RetiredCT,11337.74802,0
9,Bunny,Drain1RetiredNT,8200.164248,0
9,Bunny,Drain2NT,7456.25981,0
9,Bunny,Drain2Retired,11546.84942,0
9,Bunny,Drain2RetiredAll,5696.930494,0
9,Bunny,Drain2RetiredCT,9949.223425,0
9,Bunny,Drain2RetiredNT,7501.482892,0
9,Bunny,Drain3NT,6168.939737,0
9,Bunny,Drain3Retired,10335.36905,0
9,Bunny,Drain3RetiredAll,4598.091367,0
9,Bunny,Drain3RetiredCT,9097.890264,0
9,Bunny,Drain3RetiredNT,6161.526722,0
9,Bunny,NoTillRetired,10455.98234,0
9,Bunny,RetiredAll,8427.085652,0
9,Bunny,RetiredPothole,16523.08469,1996.172891
9,Cardinal,ConTillDrain01,3800.100154,0
9,Cardinal,ConTillDrain02,3426.936673,0
9,Cardinal,ConTillDrain03,3067.174114,0
9,Cardinal,ConTillRetired,4886.555526,0
9,Cardinal,Drain0,5709.244348,2316.036051
9,Cardinal,Drain01,4070.681077,0
9,Cardinal,Drain02,3699.059456,0
9,Cardinal,Drain03,3401.082247,0
9,Cardinal,Drain0CT,5031.775172,0
9,Cardinal,Drain0NT,3929.993516,0
9,Cardinal,Drain1NT,2779.424343,0
9,Cardinal,Drain1Retired,3899.342925,0
9,Cardinal,Drain1RetiredAll,2952.507176,0
9,Cardinal,Drain1RetiredCT,3659.60273,0
9,Cardinal,Drain1RetiredNT,2783.915741,0
9,Cardinal,Drain2NT,2463.20289,0
9,Cardinal,Drain2Retired,3511.568868,0
9,Cardinal,Drain2RetiredAll,2633.049242,0
9,Cardinal,Drain2RetiredCT,3290.830741,0
9,Cardinal,Drain2RetiredNT,2450.583085,0
9,Cardinal,Drain3NT,2152.873831,0
9,Cardinal,Drain3Retired,3255.405261,0
9,Cardinal,Drain3RetiredAll,2213.511049,0
9,Cardinal,Drain3RetiredCT,2947.37691,0
9,Cardinal,Drain3RetiredNT,2131.719746,0
9,Cardinal,NoTillRetired,3885.44961,0
9,Cardinal,RetiredAll,4126.473725,0
9,Cardinal,RetiredPothole,5462.15198,2100.74784
9,Hen,ConTillDrain01,1439.049948,0
9,Hen,ConTillDrain02,1284.566339,0
9,Hen,ConTillDrain03,1144.883805,0
9,Hen,ConTillRetired,1940.999613,1478.563267
9,Hen,Drain0,2009.722838,1604.135236
9,Hen,Drain01,1474.031675,0
9,Hen,Drain02,1330.685569,0
9,Hen,Drain03,1173.544851,0
9,Hen,Drain0CT,1940.999613,1478.563267
9,Hen,Drain0NT,1333.228378,0
9,Hen,Drain1NT,1073.763824,0
9,Hen,Drain1Retired,1473.896767,0
9,Hen,Drain1RetiredAll,777.7265365,0
9,Hen,Drain1RetiredCT,1439.049948,0
9,Hen,Drain1RetiredNT,1073.763824,0
9,Hen,Drain2NT,945.7574418,0
9,Hen,Drain2Retired,1330.540172,0
9,Hen,Drain2RetiredAll,691.4471487,0
9,Hen,Drain2RetiredCT,1284.566339,0
9,Hen,Drain2RetiredNT,945.7574418,0
9,Hen,Drain3NT,775.665439,0
9,Hen,Drain3Retired,1173.380521,0
9,Hen,Drain3RetiredAll,615.4615367,0
9,Hen,Drain3RetiredCT,1144.883805,0
9,Hen,Drain3RetiredNT,775.665439,0
9,Hen,NoTillRetired,1333.228378,0
9,Hen,RetiredAll,1000.403311,0
9,Hen,RetiredPothole,2007.404868,1579.867694
9,Lettuce,ConTillDrain01,6885.210742,0
9,Lettuce,ConTillDrain02,5969.148002,0
9,Lettuce,ConTillDrain03,5348.050196,0
9,Lettuce,ConTillRetired,9488.085892,3618.046189
9,Lettuce,Drain0,12153.65019,5424.806617
9,Lettuce,Drain01,8638.845793,3503.194273
9,Lettuce,Drain02,6906.112291,187.5695692
9,Lettuce,Drain03,6044.360279,0
9,Lettuce,Drain0CT,10222.74132,3891.663222
9,Lettuce,Drain0NT,6653.781956,0
9,Lettuce,Drain1NT,4793.205643,0
9,Lettuce,Drain1Retired,7734.110757,2753.719451
9,Lettuce,Drain1RetiredAll,3523.767208,0
9,Lettuce,Drain1RetiredCT,6340.348115,0
9,Lettuce,Drain1RetiredNT,4693.519815,0
9,Lettuce,Drain2NT,4055.816486,0
9,Lettuce,Drain2Retired,6299.902527,0
9,Lettuce,Drain2RetiredAll,3146.46821,0
9,Lettuce,Drain2RetiredCT,5577.864661,0
9,Lettuce,Drain2RetiredNT,3991.901165,0
9,Lettuce,Drain3NT,3744.763516,0
9,Lettuce,Drain3Retired,5637.860896,0
9,Lettuce,Drain3RetiredAll,2817.901353,0
9,Lettuce,Drain3RetiredCT,4978.198083,0
9,Lettuce,Drain3RetiredNT,3683.209493,0
9,Lettuce,NoTillRetired,6547.988788,0
9,Lettuce,RetiredAll,5143.913525,0
9,Lettuce,RetiredPothole,11243.11808,4981.02305
9,Mouth,ConTillDrain01,5383.784619,0
9,Mouth,ConTillDrain02,4826.918793,0
9,Mouth,ConTillDrain03,4274.71191,0
9,Mouth,ConTillRetired,4879.300703,0
9,Mouth,Drain0,5803.72369,0
9,Mouth,Drain01,5568.72205,0
9,Mouth,Drain02,4953.853043,0
9,Mouth,Drain03,4408.612245,0
9,Mouth,Drain0CT,5645.145726,0
9,Mouth,Drain0NT,3962.906829,0
9,Mouth,Drain1NT,3825.028987,0
9,Mouth,Drain1Retired,4419.903781,0
9,Mouth,Drain1RetiredAll,2583.77527,0
9,Mouth,Drain1RetiredCT,4663.474244,0
9,Mouth,Drain1RetiredNT,3473.577943,0
9,Mouth,Drain2NT,3329.905827,0
9,Mouth,Drain2Retired,3975.914338,0
9,Mouth,Drain2RetiredAll,2148.233283,0
9,Mouth,Drain2RetiredCT,4246.060172,0
9,Mouth,Drain2RetiredNT,3080.860486,0
9,Mouth,Drain3NT,2778.652657,0
9,Mouth,Drain3Retired,3421.311502,0
9,Mouth,Drain3RetiredAll,1698.929654,0
9,Mouth,Drain3RetiredCT,3645.978114,0
9,Mouth,Drain3RetiredNT,2525.353741,0
9,Mouth,NoTillRetired,3662.123196,0
9,Mouth,RetiredAll,2743.663039,0
9,Mouth,RetiredPothole,5010.85733,0
9,Walnut,ConTillDrain01,5093.973371,0
9,Walnut,ConTillDrain02,4450.169386,0
9,Walnut,ConTillDrain03,4098.288629,0
9,Walnut,ConTillRetired,5798.602139,0
9,Walnut,Drain0,7125.638933,703.1674503
9,Walnut,Drain01,5715.618468,0
9,Walnut,Drain02,5138.470509,0
9,Walnut,Drain03,4592.421815,0
9,Walnut,Drain0CT,6126.461802,0
9,Walnut,Drain0NT,4384.43262,0
9,Walnut,Drain1NT,3579.90821,0
9,Walnut,Drain1Retired,5329.5647,0
9,Walnut,Drain1RetiredAll,3204.39687,0
9,Walnut,Drain1RetiredCT,4735.562196,0
9,Walnut,Drain1RetiredNT,3650.793417,0
9,Walnut,Drain2NT,3316.14315,0
9,Walnut,Drain2Retired,4715.455506,0
9,Walnut,Drain2RetiredAll,2944.530297,0
9,Walnut,Drain2RetiredCT,4239.360023,0
9,Walnut,Drain2RetiredNT,3354.739886,0
9,Walnut,Drain3NT,2960.581774,0
9,Walnut,Drain3Retired,4253.986987,0
9,Walnut,Drain3RetiredAll,2417.44311,0
9,Walnut,Drain3RetiredCT,3837.293272,0
9,Walnut,Drain3RetiredNT,2924.989026,0
9,Walnut,NoTillRetired,4369.781843,0
9,Walnut,RetiredAll,3871.639536,0
9,Walnut,RetiredPothole,6675.957865,0
10,Bunny,ConTillDrain01,8683.206807,0
10,Bunny,ConTillDrain02,6707.623768,0
10,Bunny,ConTillDrain03,4388.264733,0
10,Bunny,ConTillRetired,12756.00864,8521.188974
10,Bunny,Drain0,14378.8218,11646.34898
10,Bunny,Drain01,9451.60814,0
10,Bunny,Drain02,7482.427599,0
10,Bunny,Drain03,5149.312321,0
10,Bunny,Drain0CT,13097.29177,9334.220955
10,Bunny,Drain0NT,10121.48619,2959.69243
10,Bunny,Drain1NT,7031.825838,0
10,Bunny,Drain1Retired,9148.967658,0
10,Bunny,Drain1RetiredAll,2249.311687,0
10,Bunny,Drain1RetiredCT,8501.616095,0
10,Bunny,Drain1RetiredNT,6809.116834,0
10,Bunny,Drain2NT,5304.102701,0
10,Bunny,Drain2Retired,7213.949509,0
10,Bunny,Drain2RetiredAll,1648.324469,0
10,Bunny,Drain2RetiredCT,6308.706724,0
10,Bunny,Drain2RetiredNT,5257.070042,0
10,Bunny,Drain3NT,4040.947987,0
10,Bunny,Drain3Retired,4990.209129,0
10,Bunny,Drain3RetiredAll,1130.892158,0
10,Bunny,Drain3RetiredCT,4152.155779,0
10,Bunny,Drain3RetiredNT,3712.666267,0
10,Bunny,NoTillRetired,10014.57787,5188.791193
10,Bunny,RetiredAll,4439.542247,0
10,Bunny,RetiredPothole,13965.69203,11087.3683
10,Cardinal,ConTillDrain01,2767.562836,0
10,Cardinal,ConTillDrain02,1967.408426,0
10,Cardinal,ConTillDrain03,1380.761028,0
10,Cardinal,ConTillRetired,4577.454854,3729.721525
10,Cardinal,Drain0,5330.50722,4824.05179
10,Cardinal,Drain01,2946.748545,0
10,Cardinal,Drain02,2058.438224,0
10,Cardinal,Drain03,1503.197815,0
10,Cardinal,Drain0CT,4920.376664,4116.051914
10,Cardinal,Drain0NT,4110.307926,2552.283194
10,Cardinal,Drain1NT,2347.812779,0
10,Cardinal,Drain1Retired,2684.371496,0
10,Cardinal,Drain1RetiredAll,1549.013089,0
10,Cardinal,Drain1RetiredCT,2528.04789,0
10,Cardinal,Drain1RetiredNT,2081.692932,0
10,Cardinal,Drain2NT,1895.186795,0
10,Cardinal,Drain2Retired,1763.532197,0
10,Cardinal,Drain2RetiredAll,1277.62546,0
10,Cardinal,Drain2RetiredCT,1767.600558,0
10,Cardinal,Drain2RetiredNT,1766.11887,0
10,Cardinal,Drain3NT,1617.827665,0
10,Cardinal,Drain3Retired,1301.990784,0
10,Cardinal,Drain3RetiredAll,769.6118727,0
10,Cardinal,Drain3RetiredCT,1197.852626,0
10,Cardinal,Drain3RetiredNT,1451.495723,0
10,Cardinal,NoTillRetired,3918.507167,2154.13409
10,Cardinal,RetiredAll,3480.721438,2598.139628
10,Cardinal,RetiredPothole,4965.256733,4628.292586
10,Hen,ConTillDrain01,1251.928979,249.7808974
10,Hen,ConTillDrain02,875.5454557,0
10,Hen,ConTillDrain03,735.420857,0
10,Hen,ConTillRetired,1814.103944,1888.710027
10,Hen,Drain0,1815.652456,1997.245015
10,Hen,Drain01,1289.352943,668.1210878
10,Hen,Drain02,872.6050481,0
10,Hen,Drain03,704.497092,0
10,Hen,Drain0CT,1814.103944,1888.710027
10,Hen,Drain0NT,1459.72896,851.3589841
10,Hen,Drain1NT,908.6563852,0
10,Hen,Drain1Retired,1314.157618,661.0264296
10,Hen,Drain1RetiredAll,192.4342682,0
10,Hen,Drain1RetiredCT,1251.928979,249.7808974
10,Hen,Drain1RetiredNT,908.6563852,0
10,Hen,Drain2NT,806.4129038,0
10,Hen,Drain2Retired,901.3348754,0
10,Hen,Drain2RetiredAll,155.080014,0
10,Hen,Drain2RetiredCT,875.5454557,0
10,Hen,Drain2RetiredNT,806.4129038,0
10,Hen,Drain3NT,616.6965482,0
10,Hen,Drain3Retired,743.2482231,0
10,Hen,Drain3RetiredAll,74.71841777,0
10,Hen,Drain3RetiredCT,735.420857,0
10,Hen,Drain3RetiredNT,616.6965482,0
10,Hen,NoTillRetired,1459.72896,851.3589841
10,Hen,RetiredAll,625.9105435,0
10,Hen,RetiredPothole,1836.072466,1995.403941
10,Lettuce,ConTillDrain01,5434.145996,3581.457684
10,Lettuce,ConTillDrain02,4555.363033,409.285811
10,Lettuce,ConTillDrain03,3474.329447,0
10,Lettuce,ConTillRetired,8757.216768,6311.481735
10,Lettuce,Drain0,10971.15928,7843.997542
10,Lettuce,Drain01,6113.023392,6167.001431
10,Lettuce,Drain02,4990.818648,3081.150214
10,Lettuce,Drain03,4057.158382,0
10,Lettuce,Drain0CT,9546.849255,6975.908835
10,Lettuce,Drain0NT,7242.05984,5099.397199
10,Lettuce,Drain1NT,4608.775209,2393.443772
10,Lettuce,Drain1Retired,5308.758738,3760.907491
10,Lettuce,Drain1RetiredAll,1771.453131,0
10,Lettuce,Drain1RetiredCT,4969.609661,2541.490236
10,Lettuce,Drain1RetiredNT,4216.111326,2043.841246
10,Lettuce,Drain2NT,3594.644755,0
10,Lettuce,Drain2Retired,4530.870397,938.0849758
10,Lettuce,Drain2RetiredAll,1094.208268,0
10,Lettuce,Drain2RetiredCT,4142.83704,0
10,Lettuce,Drain2RetiredNT,3189.544,0
10,Lettuce,Drain3NT,2836.271934,0
10,Lettuce,Drain3Retired,3580.070134,0
10,Lettuce,Drain3RetiredAll,845.6945416,0
10,Lettuce,Drain3RetiredCT,2867.700685,0
10,Lettuce,Drain3RetiredNT,2573.497506,0
10,Lettuce,NoTillRetired,6819.857533,4778.936123
10,Lettuce,RetiredAll,3574.006425,0
10,Lettuce,RetiredPothole,9884.573386,7251.654656
10,Mouth,ConTillDrain01,3393.700462,0
10,Mouth,ConTillDrain02,2451.706206,0
10,Mouth,ConTillDrain03,1661.197937,0
10,Mouth,ConTillRetired,3041.130143,0
10,Mouth,Drain0,3872.82855,0
10,Mouth,Drain01,3463.070887,0
10,Mouth,Drain02,2494.337679,0
10,Mouth,Drain03,1678.091153,0
10,Mouth,Drain0CT,3834.712024,0
10,Mouth,Drain0NT,2929.299906,0
10,Mouth,Drain1NT,2719.057002,0
10,Mouth,Drain1Retired,2063.432148,0
10,Mouth,Drain1RetiredAll,616.7374489,0
10,Mouth,Drain1RetiredCT,2521.931416,0
10,Mouth,Drain1RetiredNT,2063.581863,0
10,Mouth,Drain2NT,2024.14304,0
10,Mouth,Drain2Retired,1528.650687,0
10,Mouth,Drain2RetiredAll,270.0824346,0
10,Mouth,Drain2RetiredCT,1765.535159,0
10,Mouth,Drain2RetiredNT,1563.982252,0
10,Mouth,Drain3NT,1363.29455,0
10,Mouth,Drain3Retired,999.7535357,0
10,Mouth,Drain3RetiredAll,161.8005243,0
10,Mouth,Drain3RetiredCT,1179.454559,0
10,Mouth,Drain3RetiredNT,1012.683293,0
10,Mouth,NoTillRetired,2311.398841,0
10,Mouth,RetiredAll,696.14494,0
10,Mouth,RetiredPothole,3089.554808,0
10,Walnut,ConTillDrain01,4044.668705,0
10,Walnut,ConTillDrain02,3313.219609,0
10,Walnut,ConTillDrain03,2466.514547,0
10,Walnut,ConTillRetired,5225.733119,3857.946648
10,Walnut,Drain0,6180.963754,5532.796128
10,Walnut,Drain01,4338.795426,0
10,Walnut,Drain02,3661.238914,0
10,Walnut,Drain03,2549.67134,0
10,Walnut,Drain0CT,5663.09362,4824.110942
10,Walnut,Drain0NT,4332.679995,0
10,Walnut,Drain1NT,3426.03908,0
10,Walnut,Drain1Retired,3976.962431,0
10,Walnut,Drain1RetiredAll,1672.333222,0
10,Walnut,Drain1RetiredCT,3814.131065,0
10,Walnut,Drain1RetiredNT,3157.103905,0
10,Walnut,Drain2NT,2397.628673,0
10,Walnut,Drain2Retired,3419.52919,0
10,Walnut,Drain2RetiredAll,1091.756898,0
10,Walnut,Drain2RetiredCT,3062.604938,0
10,Walnut,Drain2RetiredNT,2328.288303,0
10,Walnut,Drain3NT,2170.15763,0
10,Walnut,Drain3Retired,2111.624665,0
10,Walnut,Drain3RetiredAll,788.3688734,0
10,Walnut,Drain3RetiredCT,2175.037143,0
10,Walnut,Drain3RetiredNT,2000.390176,0
10,Walnut,NoTillRetired,4271.121847,2522.583082
10,Walnut,RetiredAll,2502.515774,0
10,Walnut,RetiredPothole,5717.459192,4611.29801
11,Bunny,ConTillDrain01,6927.083834,0
11,Bunny,ConTillDrain02,5292.382005,0
11,Bunny,ConTillDrain03,4134.12413,0
11,Bunny,ConTillRetired,10237.22841,8175.860347
11,Bunny,Drain0,9273.896231,6281.277608
11,Bunny,Drain01,5838.405218,0
11,Bunny,Drain02,4535.32124,0
11,Bunny,Drain03,3152.607755,0
11,Bunny,Drain0CT,10778.45347,8730.158066
11,Bunny,Drain0NT,12126.21538,10606.22639
11,Bunny,Drain1NT,8378.316652,790.5530709
11,Bunny,Drain1Retired,5591.286238,0
11,Bunny,Drain1RetiredAll,1039.956105,0
11,Bunny,Drain1RetiredCT,6465.599737,0
11,Bunny,Drain1RetiredNT,7788.735005,0
11,Bunny,Drain2NT,5941.311806,0
11,Bunny,Drain2Retired,4323.403831,0
11,Bunny,Drain2RetiredAll,618.5450004,0
11,Bunny,Drain2RetiredCT,5025.322559,0
11,Bunny,Drain2RetiredNT,5475.699448,0
11,Bunny,Drain3NT,4650.409087,0
11,Bunny,Drain3Retired,2885.102487,0
11,Bunny,Drain3RetiredAll,465.343704,0
11,Bunny,Drain3RetiredCT,3880.881668,0
11,Bunny,Drain3RetiredNT,4332.388278,0
11,Bunny,NoTillRetired,11426.61923,10275.72683
11,Bunny,RetiredAll,1763.840546,0
11,Bunny,RetiredPothole,8960.88954,5381.216812
11,Cardinal,ConTillDrain01,2144.67666,0
11,Cardinal,ConTillDrain02,1555.212889,0
11,Cardinal,ConTillDrain03,1185.029412,0
11,Cardinal,ConTillRetired,3538.790979,2682.441373
11,Cardinal,Drain0,3191.044867,1701.75817
11,Cardinal,Drain01,1682.589242,0
11,Cardinal,Drain02,1240.736,0
11,Cardinal,Drain03,953.364805,0
11,Cardinal,Drain0CT,3843.691761,3350.929861
11,Cardinal,Drain0NT,4513.402401,4327.827525
11,Cardinal,Drain1NT,2945.073809,1291.674062
11,Cardinal,Drain1Retired,1476.994965,0
11,Cardinal,Drain1RetiredAll,655.6289158,0
11,Cardinal,Drain1RetiredCT,1855.624364,0
11,Cardinal,Drain1RetiredNT,2516.740637,0
11,Cardinal,Drain2NT,2101.888356,0
11,Cardinal,Drain2Retired,1087.708293,0
11,Cardinal,Drain2RetiredAll,401.1535555,0
11,Cardinal,Drain2RetiredCT,1387.173851,0
11,Cardinal,Drain2RetiredNT,1793.653911,0
11,Cardinal,Drain3NT,1627.482798,0
11,Cardinal,Drain3Retired,881.7180549,0
11,Cardinal,Drain3RetiredAll,242.7983001,0
11,Cardinal,Drain3RetiredCT,1000.955699,0
11,Cardinal,Drain3RetiredNT,1447.446821,0
11,Cardinal,NoTillRetired,4172.725322,3868.548718
11,Cardinal,RetiredAll,1760.840326,0
11,Cardinal,RetiredPothole,2804.71699,1233.670901
11,Hen,ConTillDrain01,1228.054498,841.0839619
11,Hen,ConTillDrain02,804.8589137,0
11,Hen,ConTillDrain03,512.7088866,0
11,Hen,ConTillRetired,1941.967557,2040.038229
11,Hen,Drain0,1929.445723,2028.046604
11,Hen,Drain01,1210.040088,792.1552847
11,Hen,Drain02,789.0176712,0
11,Hen,Drain03,505.9635853,0
11,Hen,Drain0CT,1941.967557,2040.038229
11,Hen,Drain0NT,2013.322095,2094.498383
11,Hen,Drain1NT,1360.203065,1067.868381
11,Hen,Drain1Retired,1205.922888,792.1552847
11,Hen,Drain1RetiredAll,183.0118999,0
11,Hen,Drain1RetiredCT,1228.054498,841.0839619
11,Hen,Drain1RetiredNT,1360.203065,1067.868381
11,Hen,Drain2NT,903.432896,0
11,Hen,Drain2Retired,785.1610363,0
11,Hen,Drain2RetiredAll,143.9405199,0
11,Hen,Drain2RetiredCT,804.8589137,0
11,Hen,Drain2RetiredNT,903.432896,0
11,Hen,Drain3NT,553.8121007,0
11,Hen,Drain3Retired,504.9474599,0
11,Hen,Drain3RetiredAll,54.60116824,0
11,Hen,Drain3RetiredCT,512.7088866,0
11,Hen,Drain3RetiredNT,553.8121007,0
11,Hen,NoTillRetired,2013.322095,2094.498383
11,Hen,RetiredAll,273.562163,0
11,Hen,RetiredPothole,1926.739278,2028.046604
11,Lettuce,ConTillDrain01,5213.934159,4955.012863
11,Lettuce,ConTillDrain02,4243.333046,3605.922941
11,Lettuce,ConTillDrain03,2788.504303,0
11,Lettuce,ConTillRetired,6312.233269,5703.566454
11,Lettuce,Drain0,6875.670718,5481.846456
11,Lettuce,Drain01,4480.339787,3589.13837
11,Lettuce,Drain02,3288.783596,431.3388703
11,Lettuce,Drain03,2393.10845,0
11,Lettuce,Drain0CT,7117.201056,6491.279149
11,Lettuce,Drain0NT,7266.272223,7229.082157
11,Lettuce,Drain1NT,6017.793751,5791.586549
11,Lettuce,Drain1Retired,3890.078464,2403.818085
11,Lettuce,Drain1RetiredAll,658.077945,0
11,Lettuce,Drain1RetiredCT,4574.367526,3913.294794
11,Lettuce,Drain1RetiredNT,5182.548545,4904.722814
11,Lettuce,Drain2NT,4961.096875,4675.741226
11,Lettuce,Drain2Retired,2683.382108,0
11,Lettuce,Drain2RetiredAll,424.708283,0
11,Lettuce,Drain2RetiredCT,3487.954862,1703.271028
11,Lettuce,Drain2RetiredNT,4166.89842,3536.325776
11,Lettuce,Drain3NT,3836.446358,2522.064669
11,Lettuce,Drain3Retired,2092.688631,0
11,Lettuce,Drain3RetiredAll,320.8953342,0
11,Lettuce,Drain3RetiredCT,2349.602179,0
11,Lettuce,Drain3RetiredNT,2619.816244,0
11,Lettuce,NoTillRetired,6593.54321,6451.746647
11,Lettuce,RetiredAll,1601.664139,0
11,Lettuce,RetiredPothole,6259.734823,4810.72947
11,Mouth,ConTillDrain01,2629.119694,0
11,Mouth,ConTillDrain02,2010.592732,0
11,Mouth,ConTillDrain03,1280.049404,0
11,Mouth,ConTillRetired,2245.165635,0
11,Mouth,Drain0,2802.551779,0
11,Mouth,Drain01,2533.213039,0
11,Mouth,Drain02,1948.446802,0
11,Mouth,Drain03,1266.194264,0
11,Mouth,Drain0CT,2893.939534,0
11,Mouth,Drain0NT,3709.962088,2231.507838
11,Mouth,Drain1NT,3164.564978,0
11,Mouth,Drain1Retired,1655.167912,0
11,Mouth,Drain1RetiredAll,319.3574141,0
11,Mouth,Drain1RetiredCT,1983.044179,0
11,Mouth,Drain1RetiredNT,2276.514214,0
11,Mouth,Drain2NT,2345.304417,0
11,Mouth,Drain2Retired,1067.758861,0
11,Mouth,Drain2RetiredAll,202.3142687,0
11,Mouth,Drain2RetiredCT,1458.752209,0
11,Mouth,Drain2RetiredNT,1814.431051,0
11,Mouth,Drain3NT,1805.671188,0
11,Mouth,Drain3Retired,726.9223578,0
11,Mouth,Drain3RetiredAll,0,0
11,Mouth,Drain3RetiredCT,990.2326878,0
11,Mouth,Drain3RetiredNT,1072.894883,0
11,Mouth,NoTillRetired,2536.085526,0
11,Mouth,RetiredAll,401.2899122,0
11,Mouth,RetiredPothole,2202.468747,0
11,Walnut,ConTillDrain01,3373.431671,0
11,Walnut,ConTillDrain02,2635.706207,0
11,Walnut,ConTillDrain03,2031.727558,0
11,Walnut,ConTillRetired,4096.814402,2930.840519
11,Walnut,Drain0,3913.458088,1536.219334
11,Walnut,Drain01,2752.002457,0
11,Walnut,Drain02,2279.444722,0
11,Walnut,Drain03,1703.276945,0
11,Walnut,Drain0CT,4681.342441,4387.940872
11,Walnut,Drain0NT,5238.394037,5047.967741
11,Walnut,Drain1NT,4200.175876,2291.409462
11,Walnut,Drain1Retired,2487.720777,0
11,Walnut,Drain1RetiredAll,515.7908082,0
11,Walnut,Drain1RetiredCT,2853.313685,0
11,Walnut,Drain1RetiredNT,3361.691868,0
11,Walnut,Drain2NT,3259.538535,0
11,Walnut,Drain2Retired,2086.843364,0
11,Walnut,Drain2RetiredAll,335.3573875,0
11,Walnut,Drain2RetiredCT,2271.646854,0
11,Walnut,Drain2RetiredNT,2483.098392,0
11,Walnut,Drain3NT,2279.837528,0
11,Walnut,Drain3Retired,1471.202752,0
11,Walnut,Drain3RetiredAll,293.5882407,0
11,Walnut,Drain3RetiredCT,1783.29268,0
11,Walnut,Drain3RetiredNT,1927.863234,0
11,Walnut,NoTillRetired,4610.282461,4147.502632
11,Walnut,RetiredAll,1260.029623,0
11,Walnut,RetiredPothole,3501.785979,538.4863914
12,Bunny,ConTillDrain01,4216.686266,0
12,Bunny,ConTillDrain02,3773.796935,0
12,Bunny,ConTillDrain03,2809.736791,0
12,Bunny,ConTillRetired,5534.143898,0
12,Bunny,Drain0,5178.395861,0
12,Bunny,Drain01,4015.785203,0
12,Bunny,Drain02,3402.791121,0
12,Bunny,Drain03,2658.841934,0
12,Bunny,Drain0CT,5954.980873,0
12,Bunny,Drain0NT,6671.422025,0
12,Bunny,Drain1NT,4399.520672,0
12,Bunny,Drain1Retired,3882.557087,0
12,Bunny,Drain1RetiredAll,1281.868472,0
12,Bunny,Drain1RetiredCT,4046.259996,0
12,Bunny,Drain1RetiredNT,4142.665877,0
12,Bunny,Drain2NT,3929.964349,0
12,Bunny,Drain2Retired,3222.111423,0
12,Bunny,Drain2RetiredAll,1222.513462,0
12,Bunny,Drain2RetiredCT,3566.683188,0
12,Bunny,Drain2RetiredNT,3703.452408,0
12,Bunny,Drain3NT,3045.404203,0
12,Bunny,Drain3Retired,2553.763589,0
12,Bunny,Drain3RetiredAll,1139.113026,0
12,Bunny,Drain3RetiredCT,2609.605981,0
12,Bunny,Drain3RetiredNT,2703.384686,0
12,Bunny,NoTillRetired,6194.247732,0
12,Bunny,RetiredAll,1420.776742,0
12,Bunny,RetiredPothole,4894.529177,0
12,Cardinal,ConTillDrain01,1286.559883,0
12,Cardinal,ConTillDrain02,1110.423199,0
12,Cardinal,ConTillDrain03,855.2470756,0
12,Cardinal,ConTillRetired,1858.330609,0
12,Cardinal,Drain0,1734.383201,0
12,Cardinal,Drain01,1145.037374,0
12,Cardinal,Drain02,928.5953917,0
12,Cardinal,Drain03,785.2952239,0
12,Cardinal,Drain0CT,2014.108716,0
12,Cardinal,Drain0NT,2479.707372,0
12,Cardinal,Drain1NT,1588.871061,0
12,Cardinal,Drain1Retired,1036.371092,0
12,Cardinal,Drain1RetiredAll,498.2954502,0
12,Cardinal,Drain1RetiredCT,1191.951001,0
12,Cardinal,Drain1RetiredNT,1374.284955,0
12,Cardinal,Drain2NT,1219.631045,0
12,Cardinal,Drain2Retired,818.9670174,0
12,Cardinal,Drain2RetiredAll,470.5090791,0
12,Cardinal,Drain2RetiredCT,982.4025718,0
12,Cardinal,Drain2RetiredNT,1111.65912,0
12,Cardinal,Drain3NT,990.9265704,0
12,Cardinal,Drain3Retired,730.3041687,0
12,Cardinal,Drain3RetiredAll,446.0128881,0
12,Cardinal,Drain3RetiredCT,770.9720787,0
12,Cardinal,Drain3RetiredNT,822.9062383,0
12,Cardinal,NoTillRetired,2260.744236,0
12,Cardinal,RetiredAll,806.6578796,0
12,Cardinal,RetiredPothole,1573.244511,0
12,Hen,ConTillDrain01,505.4022326,0
12,Hen,ConTillDrain02,356.0813895,0
12,Hen,ConTillDrain03,257.2287026,0
12,Hen,ConTillRetired,875.299659,0
12,Hen,Drain0,864.8483991,0
12,Hen,Drain01,501.3957408,0
12,Hen,Drain02,353.02824,0
12,Hen,Drain03,257.2287026,0
12,Hen,Drain0CT,875.299659,0
12,Hen,Drain0NT,966.1881596,0
12,Hen,Drain1NT,518.5740504,0
12,Hen,Drain1Retired,500.5634511,0
12,Hen,Drain1RetiredAll,151.2825718,0
12,Hen,Drain1RetiredCT,505.4022326,0
12,Hen,Drain1RetiredNT,518.5740504,0
12,Hen,Drain2NT,376.6901484,0
12,Hen,Drain2Retired,352.1181666,0
12,Hen,Drain2RetiredAll,143.8885751,0
12,Hen,Drain2RetiredCT,356.0813895,0
12,Hen,Drain2RetiredNT,376.6901484,0
12,Hen,Drain3NT,257.2287026,0
12,Hen,Drain3Retired,257.2287026,0
12,Hen,Drain3RetiredAll,131.6301939,0
12,Hen,Drain3RetiredCT,257.2287026,0
12,Hen,Drain3RetiredNT,257.2287026,0
12,Hen,NoTillRetired,966.1881596,0
12,Hen,RetiredAll,163.7349631,0
12,Hen,RetiredPothole,863.0159887,0
12,Lettuce,ConTillDrain01,2706.751042,0
12,Lettuce,ConTillDrain02,2219.682814,0
12,Lettuce,ConTillDrain03,1808.006488,0
12,Lettuce,ConTillRetired,3305.371294,0
12,Lettuce,Drain0,3352.632708,0
12,Lettuce,Drain01,2338.98431,0
12,Lettuce,Drain02,1921.560376,0
12,Lettuce,Drain03,1688.893671,0
12,Lettuce,Drain0CT,3666.897166,0
12,Lettuce,Drain0NT,4130.850612,2376.001311
12,Lettuce,Drain1NT,2999.652984,0
12,Lettuce,Drain1Retired,2099.440441,0
12,Lettuce,Drain1RetiredAll,705.2429396,0
12,Lettuce,Drain1RetiredCT,2297.218819,0
12,Lettuce,Drain1RetiredNT,2525.116453,0
12,Lettuce,Drain2NT,2467.200377,0
12,Lettuce,Drain2Retired,1761.842388,0
12,Lettuce,Drain2RetiredAll,650.9042927,0
12,Lettuce,Drain2RetiredCT,1877.163965,0
12,Lettuce,Drain2RetiredNT,2032.539644,0
12,Lettuce,Drain3NT,1973.112507,0
12,Lettuce,Drain3Retired,1503.290175,0
12,Lettuce,Drain3RetiredAll,604.6791919,0
12,Lettuce,Drain3RetiredCT,1620.190997,0
12,Lettuce,Drain3RetiredNT,1674.028195,0
12,Lettuce,NoTillRetired,3628.852176,742.9272571
12,Lettuce,RetiredAll,994.9256296,0
12,Lettuce,RetiredPothole,2968.256602,0
12,Mouth,ConTillDrain01,1867.538462,0
12,Mouth,ConTillDrain02,1504.52755,0
12,Mouth,ConTillDrain03,1204.128878,0
12,Mouth,ConTillRetired,1648.128766,0
12,Mouth,Drain0,1937.243655,0
12,Mouth,Drain01,1845.860546,0
12,Mouth,Drain02,1483.109398,0
12,Mouth,Drain03,1201.29851,0
12,Mouth,Drain0CT,1956.784509,0
12,Mouth,Drain0NT,2122.647084,0
12,Mouth,Drain1NT,1965.557532,0
12,Mouth,Drain1Retired,1276.537867,0
12,Mouth,Drain1RetiredAll,577.0103064,0
12,Mouth,Drain1RetiredCT,1513.087462,0
12,Mouth,Drain1RetiredNT,1633.152009,0
12,Mouth,Drain2NT,1672.073395,0
12,Mouth,Drain2Retired,1080.494844,0
12,Mouth,Drain2RetiredAll,535.5798026,0
12,Mouth,Drain2RetiredCT,1200.912875,0
12,Mouth,Drain2RetiredNT,1228.75446,0
12,Mouth,Drain3NT,1213.252436,0
12,Mouth,Drain3Retired,821.3562341,0
12,Mouth,Drain3RetiredAll,474.6775153,0
12,Mouth,Drain3RetiredCT,958.0883444,0
12,Mouth,Drain3RetiredNT,967.633399,0
12,Mouth,NoTillRetired,1734.224602,0
12,Mouth,RetiredAll,589.9628336,0
12,Mouth,RetiredPothole,1629.655953,0
12,Walnut,ConTillDrain01,1886.985114,0
12,Walnut,ConTillDrain02,1705.111559,0
12,Walnut,ConTillDrain03,1461.590621,0
12,Walnut,ConTillRetired,2220.695553,0
12,Walnut,Drain0,2303.904091,0
12,Walnut,Drain01,1729.989554,0
12,Walnut,Drain02,1595.742939,0
12,Walnut,Drain03,1263.131121,0
12,Walnut,Drain0CT,2667.685668,0
12,Walnut,Drain0NT,2960.41937,0
12,Walnut,Drain1NT,2333.590294,0
12,Walnut,Drain1Retired,1609.526328,0
12,Walnut,Drain1RetiredAll,596.4740082,0
12,Walnut,Drain1RetiredCT,1664.018259,0
12,Walnut,Drain1RetiredNT,1736.928253,0
12,Walnut,Drain2NT,1772.664898,0
12,Walnut,Drain2Retired,1415.180506,0
12,Walnut,Drain2RetiredAll,563.3741711,0
12,Walnut,Drain2RetiredCT,1526.610473,0
12,Walnut,Drain2RetiredNT,1560.486884,0
12,Walnut,Drain3NT,1599.736178,0
12,Walnut,Drain3Retired,1054.914437,0
12,Walnut,Drain3RetiredAll,539.8687374,0
12,Walnut,Drain3RetiredCT,1136.395433,0
12,Walnut,Drain3RetiredNT,1230.979474,0
12,Walnut,NoTillRetired,2409.909605,0
12,Walnut,RetiredAll,734.5891375,0
12,Walnut,RetiredPothole,1960.565554,0
